trial,region,area,n0,r_eq,LEA_n,LEA_max_d,LEA_mean_d,LEA_p95_d,LEA_cov50,LEA_ksd25,LEA_ksd100,BUF25_n,BUF25_max_d,BUF25_mean_d,BUF25_p95_d,BUF25_cov50,BUF25_ksd25,BUF25_ksd100,BUF50_n,BUF50_max_d,BUF50_mean_d,BUF50_p95_d,BUF50_cov50,BUF50_ksd25,BUF50_ksd100
0,Kansas-like,109477.6818142379,23,38.92458060870116,10,87.72684879784524,27.104081451667074,52.98059614646226,93.62852550051147,0.8862423308739459,0.565789220122577,10,124.25779653607253,35.78802975359412,80.85533901716316,78.43051293292416,0.90311964998173,0.6172927922661132,10,56.568542494923804,26.10510312277544,44.721359549995796,98.56787958497735,0.8882247551653636,0.5563199768398703
1,Sahel,65560.7059638388,10,45.68218564547727,10,65.02979953519585,24.908523919949552,45.622575950329,97.16658524670248,0.8773065520636539,0.554581008819956,10,100.9554357129917,35.37437157907028,76.03681662661661,76.038104543234,0.8995596620828334,0.6233131563213696,10,56.568542494923804,25.297297772922846,43.53817507550474,99.34049829018076,0.8843745905495907,0.5525888646771537
2,Scandinavia,51527.809919816085,4,64.03477826711953,10,67.11418032688542,26.277918079376967,48.36097724388621,96.2170542635659,0.8870358135060349,0.5723920678424997,10,112.92475370794483,42.5061483795133,85.58503725005016,61.643410852713174,0.9148200587726358,0.6737141811311115,10,69.05070600652827,25.90415664724738,47.23974709399221,96.49612403100775,0.8880354918458202,0.5644982598799687
3,Patagonia,35783.95891468808,38,17.313204490199627,10,37.73592452822641,12.634910732466322,23.290193968211323,100.0,0.7176167662080569,0.40683733481847495,10,32.07894435382523,12.588007126497601,22.443936784956062,100.0,0.7184286201606183,0.40379655424287547,0,48.0,16.503734972479215,32.2490309931942,100.0,0.7746339328313587,0.4511447808446327
4,SE Asia,48897.39920914668,38,20.238398611073624,10,37.73592452822641,14.526437958771538,26.394483126919017,100.0,0.7538453222613389,0.43359155105060637,10,37.73592452822641,14.422658249230917,25.298221281347036,100.0,0.7533510968607532,0.43070578249244357,2,46.647615158762406,18.097449084195155,35.44204691980475,100.0,0.7965675073842844,0.4684487872449635
5,Tropics,97321.20287953869,24,35.92718388853555,10,66.48530322273463,23.727215008779016,43.266615305567875,98.43775694787041,0.8667272730989353,0.5384526236730246,10,97.65244492586962,30.872296770620608,66.2117814289874,83.55533629337279,0.8839299703759771,0.5860211201508553,10,55.569775957799216,23.64562855634394,41.182520563948,99.72044071698734,0.8694090683138668,0.5350698219756819
6,Kansas-like,99320.96824673461,29,33.01767870152761,10,62.609903369994115,22.705179044546757,42.209590091576764,98.42164599774522,0.8561939583510578,0.5250268001183745,10,105.67875850898325,28.87710575807129,65.60487786742691,87.27653406345627,0.8722029399107974,0.5678275692564031,10,56.0,22.66142354698374,39.395431207184416,99.8067321629892,0.8603344798179188,0.5217596573049562
7,Sahel,245046.4866377486,17,67.73682605643678,10,116.48175822848829,41.92587756222144,79.2040774258302,68.949533198407,0.9478127717613037,0.6764996524722621,10,156.20499351813308,56.41766866145404,110.69230618819067,45.73349872690475,0.9568098942219869,0.7401676180793996,10,156.20499351813308,52.070132771249845,107.33126291998991,52.595155709342556,0.9503071261936433,0.7160735723531869
8,Scandinavia,151204.5462060082,21,47.87379335458428,10,114.54256850621083,33.40546586718566,63.245553203367585,85.87451063379537,0.9194413008954603,0.6160113586264385,10,135.88230201170424,45.84250828709448,93.38094023943002,58.861496137974825,0.9319587244554133,0.6798062591791106,10,114.54256850621083,34.28829221246599,65.60487786742691,83.13405988784255,0.920272553546364,0.6200098620719126
9,Patagonia,73899.66914849902,4,76.68604057401599,10,94.75687069598507,32.01734838962755,61.973019371945,86.6146848602989,0.9153396920582325,0.617548625350654,10,154.3502510525979,55.591465406332254,115.2110804758525,48.16980723413472,0.9375126388332717,0.731887642241425,10,117.09824934643558,36.779962393263766,83.23460818673925,77.0846870262075,0.9173398580298955,0.6394174973830891
10,SE Asia,228845.22454805492,28,51.00549598523511,10,98.61957447553458,34.3995905834894,62.48199740725323,84.36538999161309,0.9267878165896939,0.6234007070441816,10,140.91131963046828,44.239418906366886,96.0,64.62818003913894,0.9351939028535555,0.6706088915571311,10,120.59850745345068,37.66570073446678,73.7563556583431,75.25160749231199,0.9286945463897247,0.6379482436128872
11,Tropics,213605.45844587544,9,86.91805154930134,10,112.0714058089752,46.515499213852706,84.59879999141546,58.846441947565545,0.9581781352727505,0.7059291133930352,10,230.3388807822075,80.8419022207582,179.77764043395385,31.910112359550563,0.9674265857717311,0.8030788673453136,10,184.91078930121952,65.96577016729212,143.8247630556582,41.03370786516854,0.960725432032319,0.7638707523564613
12,Kansas-like,42673.09483733414,34,19.987693243580377,10,39.395431207184416,14.188097094225858,25.612496949731394,100.0,0.7476804494981352,0.42887605946873636,10,32.984845004941285,14.10791451207126,24.341321722313896,100.0,0.7483301679020951,0.42609423993106676,1,44.0,17.97685677156842,34.17601498127012,100.0,0.7978363169279575,0.47098724009709947
13,Sahel,81974.52714037582,7,61.0541941978285,10,80.46680109385615,30.883957482765936,59.209733021309304,88.39617112717328,0.910685298963022,0.6047066028002954,10,136.23509092741122,53.08574632032745,112.32091797511382,52.432115647587416,0.9330051909350653,0.7153031563802955,10,86.34813257969161,32.8577405097288,63.57712782696096,83.33658917757376,0.9125523234082514,0.6170873451235853
14,Scandinavia,141436.31800248518,4,106.0902661482493,10,112.2980071369929,43.59004215022917,85.30325483112136,67.87734781624802,0.9513553719185347,0.6893829321241217,10,190.829767070025,75.1991775415238,154.55743269089325,33.186241231047745,0.9647223749636248,0.79818822083079,10,173.85051049680584,62.27562300000067,136.0,44.89703552840009,0.9548160920159496,0.7521130970947558
15,Patagonia,50901.564288894166,20,28.46266952990777,10,48.16637831516918,18.412303563759924,33.443498394441114,100.0,0.8121500321323052,0.4808851890578987,10,75.15317691222374,21.95439816061669,46.81024041867267,96.41734758013828,0.8274528745091947,0.5078147067267386,6,48.33218389437829,21.14588772066193,37.73592452822641,100.0,0.8410258848552732,0.5033334954347682
16,SE Asia,184222.37689172509,30,44.21153839625745,10,99.61978428034922,32.95578255978229,63.245553203367585,85.75647038388048,0.9168352616980978,0.6120227349188093,10,129.24395537122808,41.23493686478698,86.53323061113575,68.27340628799722,0.9263323792918945,0.6560709078921148,10,94.82615672903758,34.02028041136211,62.22539674441618,81.68316831683168,0.9185269978954601,0.6173920296307119
17,Tropics,114075.29777337582,5,85.21888881066836,10,93.72299611087985,37.62290987130201,70.63699143660892,76.75364758698092,0.938418959906139,0.6557811945156992,10,188.67962264113208,65.11033839863785,149.34523762075577,44.36026936026936,0.9537820393666855,0.7564459427355623,10,139.31259813814398,46.92773559480979,100.0,60.07295173961841,0.9415155965257429,0.6943415976738242
18,Kansas-like,180157.1879920441,25,47.893972065360934,10,94.40338976964757,33.24451305512547,63.245553203367585,85.86522240965995,0.9192034065761402,0.6163263089284586,10,124.96399481450646,41.073649501356975,84.38009243891595,68.50750244162302,0.9292363003382029,0.6600223006170797,10,94.40338976964757,34.24936035285415,63.245553203367585,82.10068365444376,0.9208422208060476,0.6207602210356646
19,Sahel,66548.33818517973,12,42.01487232064872,10,68.81860213634101,24.941823089559257,47.11077241205867,96.54178674351584,0.8738829243097901,0.5522079261598747,10,94.40338976964757,33.38498204869114,69.05070600652827,77.92987512007686,0.8922158692952823,0.6118410917718785,10,61.05735008989499,25.459126965563716,45.254833995939045,98.31892411143131,0.8805204540697942,0.5493882022495499
20,Scandinavia,101393.45658655428,25,35.93023218730835,10,70.76722405181653,24.760536583680583,45.60701700396552,97.0026818110112,0.8728700341486333,0.5428994722126635,10,125.53883861180172,32.38228972323098,70.76722405181653,83.2938949361098,0.8895794596648717,0.5906759693655389,10,62.0966987850401,24.400319503386207,41.703494501214564,99.52673923331756,0.8749617119549233,0.5384935053941915
21,Patagonia,93907.30885677483,17,41.93245604823104,10,71.29008584997416,26.688339796165884,50.59644256269407,94.52685421994886,0.8854664336388094,0.5674037882286265,10,126.49110640673517,39.51671247560162,88.81441324469807,69.95737425404944,0.9067581499141836,0.6422664056597917,10,64.1248781675256,25.982821521327473,45.37251154899928,98.17561807331629,0.8872151361661719,0.5579009207389263
22,SE Asia,172567.09705162796,36,39.06185018004241,10,92.34717104492157,30.697994480409413,59.1511040348165,89.40685820203893,0.9049378912208601,0.5926436623018932,10,161.24515496597098,42.34540596525602,100.31948963187563,66.59870250231697,0.9168200009421498,0.649561468169253,10,92.34717104492157,31.515778227067234,60.0,85.91288229842446,0.9062610458344037,0.5951938793301998
23,Tropics,61434.89320947617,18,32.96069533484937,10,58.240879114244144,20.949349990687526,37.93676155233081,99.73971889640812,0.8434405461950825,0.513242734016011,10,87.72684879784524,27.627659388975538,63.245553203367585,88.33940655908381,0.8648669019078282,0.5631981642758267,6,49.47726750741192,22.84671304780355,39.395431207184416,100.0,0.8650785224146839,0.5306465006430977
24,Kansas-like,96583.7128720516,16,43.8345972460044,10,68.0,26.166060765921678,45.60701700396552,97.24937862468931,0.8884901313227624,0.5621379445329514,10,90.24411338142782,32.06577770535314,62.48199740725323,84.58989229494614,0.902744922325083,0.6037439860629226,10,55.93929351471682,26.290305632334928,44.721359549995796,98.98922949461475,0.8914618867168008,0.5607055906959714
25,Sahel,68627.15951714663,15,38.16167653114819,10,63.0206280367099,23.338432226798563,44.721359549995796,97.53028890959925,0.8632750334534948,0.5357083858613059,10,96.08329719571451,30.095469370340105,64.4980619863884,85.90400745573159,0.8833745386228009,0.5832473263528933,10,52.111396261617415,23.160230677249583,40.19950248448356,99.93010251630942,0.8680839698323544,0.529713244129807
26,Scandinavia,61846.038544758056,5,62.74743897578652,10,66.41660455875203,26.996704790079026,49.25335390346482,95.70282164121149,0.8941197940602238,0.5776658524392757,10,119.33147112141039,43.82205261841227,93.37236924723946,60.98886875485374,0.9188028274509499,0.6758423686942613,10,74.72616676907762,26.297448279444712,43.38381185746843,97.87729743722495,0.895073344015775,0.5683701478217897
27,Patagonia,212015.58490931577,25,51.95638813530984,10,99.69180778926552,34.49970355743129,60.27573585934285,84.82331621866506,0.9284257649878801,0.6246746050399485,10,115.37764081484765,42.59432241621878,84.75848040166836,65.28994261552401,0.9370250775787605,0.6682437192968148,10,101.9803902718557,35.94787821525223,64.4980619863884,78.56387798248264,0.9295406852358278,0.6328044003095246
28,SE Asia,89710.22824567884,32,29.872464611245626,10,81.58431221748455,21.72977735732204,38.92275011077939,98.80549117489748,0.8469721099670432,0.5163354201442317,10,81.58431221748455,26.03311434452129,56.142675390472796,91.46015332501337,0.8601484922828494,0.5488301745944031,10,52.0,21.88325716613746,37.73592452822641,99.9643430201462,0.8521444526671745,0.5145370026132727
29,Tropics,67130.91856474902,37,24.031755482299722,10,58.92529138424732,18.155763248621295,36.531182878126515,99.38095238095238,0.7980826271677456,0.4742587934664661,10,60.0,18.882999296961344,37.94733192202055,99.30952380952381,0.8028586973665215,0.48046921660649405,7,48.33218389437829,19.307722754101974,36.22722651122558,100.0,0.815129719315135,0.4837843757408002
30,Kansas-like,134513.3032246879,37,34.01784676267862,10,72.33126875614914,25.938340764692324,48.33218389437829,95.77632361689471,0.877543602463223,0.5532803678832087,10,109.83624174196785,32.59450978273096,72.11102550927978,80.82093991671624,0.8893505666112657,0.5943928762639089,10,66.2117814289874,25.358176808858722,44.181444068749045,98.75074360499703,0.8782390725580379,0.5480101698080654
31,Sahel,62823.1175422857,27,27.214660669488467,10,52.0,18.636637981278852,33.92475572102303,99.97460639918741,0.8140470089877182,0.481315989735103,10,62.0966987850401,21.33975637886985,43.08131845707603,98.27323514474352,0.8274861825216795,0.5040708656889766,6,48.82622246293481,20.53228166369995,35.814864434587,100.0,0.8363233203947205,0.49951502706730616
32,Scandinavia,78410.88446587943,27,30.40404438856196,10,57.271284253105414,21.532671530798954,40.535053131559415,99.14320685434517,0.8444544646729899,0.5141724952704243,10,87.72684879784524,27.512343393716744,60.92618484691127,89.43288453692371,0.8626259436653233,0.5559012113175354,8,49.47726750741192,22.436940544942228,39.59797974644666,100.0,0.8564043293063696,0.5200076682780873
33,Patagonia,38511.47567761703,17,26.853177531019984,10,50.85120599524472,17.325445632060568,32.98496518920576,99.95843724023275,0.7966992349937867,0.4719743693626857,10,74.4043009509531,21.154843117149017,48.662100242385755,95.38653366583542,0.8136235881657121,0.501548128707559,5,48.16637831516918,21.176452030731667,39.395431207184416,100.0,0.8388446971785991,0.5080076875668728
34,SE Asia,43786.9780891012,13,32.74355839394972,10,50.91168824543142,19.176751547549404,35.57436906551952,99.9269272926562,0.824146494866955,0.49605171765884165,10,69.05070600652827,22.208281030651012,45.254833995939045,97.58860065765437,0.8378945540121139,0.5202215003328923,8,46.8187996428785,21.101951715301258,35.47601300839104,100.0,0.8492915576927929,0.5079656563174995
35,Tropics,235827.38637501062,35,46.3114267035224,10,99.58327781254569,33.52888992998829,62.63083501752522,84.21623821474599,0.91863164716046,0.614141084684072,10,123.48279232346505,41.160987979941076,80.49844718999243,65.71254154514007,0.9272680060637856,0.6557951701831528,10,100.71742649611338,34.9921719120792,68.0,79.54283388726854,0.9197071637333594,0.6216705103538457
36,Kansas-like,92900.5808833122,5,76.90406143679948,10,84.26061762666706,33.12090383348394,62.9831201046367,86.72749182303322,0.9241401307990966,0.6244794526029609,10,149.34523762075577,56.597050173355356,121.6552506059644,48.16663797555517,0.9431739136556246,0.73111724358767,10,111.68523527882783,38.2125631085789,80.95429362101045,73.79927698399035,0.9266148291062495,0.6474528757817515
37,Sahel,70434.50193930534,11,45.14622534882147,10,60.530983801686226,24.740279726007813,45.254833995939045,97.75051124744377,0.879259477275551,0.553665024256951,10,108.0,37.292018299007715,86.16263691415206,74.11951829129744,0.9018371752361198,0.6306340626260263,10,55.569775957799216,24.619030238173682,41.182520563948,99.6818904794365,0.8827382549514755,0.5497627617284102
38,Scandinavia,166417.96961899567,36,38.35958701273749,10,76.80337244024639,27.36220402627679,48.48601377494339,95.79767285315896,0.8918664667324661,0.567358821769961,10,120.06664815842908,34.504990789589115,73.7563556583431,79.25762092508896,0.9034595472217231,0.6099290290585527,10,64.63399543276167,27.38480396198977,48.16637831516918,96.87469949033562,0.893680104236743,0.5666041963367516
39,Patagonia,61664.991927753865,32,24.766772449473322,10,44.66079287171801,17.50872820905274,32.2490309931942,100.0,0.8003128366811683,0.46917464188657815,10,53.36665625650534,18.432397146628094,34.17601498127012,99.79226175019475,0.8068833685014746,0.47541524081367004,4,44.181444068749045,19.88212295662166,34.40930106817051,100.0,0.829651164366067,0.4921384826027259
40,SE Asia,183660.8358021266,28,45.6934895880751,10,93.29523031752481,31.890325076855717,59.94953743166452,87.8811639658477,0.9148089212261087,0.6018389612366712,10,100.31948963187563,38.256212372302535,73.7563556583431,71.28419585293605,0.9246189288441597,0.6396523284956438,10,78.587530817554,31.46337237145499,55.71355310873648,89.092176337341,0.9153504792355442,0.5997345110418557
41,Tropics,129630.32002365027,20,45.42169768552056,10,96.66436778875658,30.641466227223912,55.71355310873648,90.66008636644047,0.908819076290045,0.5970587302165983,10,128.06248474865697,42.317686314664535,89.44271909999159,65.29302899444788,0.9223386396327221,0.6591020586876511,10,94.72000554833399,33.64494048452643,68.81860213634101,81.61628624305985,0.9109002628172017,0.6121318170166911
42,Kansas-like,73099.14799767722,8,53.93072116066212,10,79.19595949289332,28.198261263388527,52.84544985828734,92.71972015741146,0.8974491413351372,0.5859909763806156,10,129.55307792561317,42.56872400638584,93.03762679690406,66.13467424573678,0.9204339478658997,0.6694169154978192,10,67.05221845696084,28.051960194386258,48.662100242385755,95.9991254919108,0.9009468571564562,0.581735974031702
43,Sahel,36418.17148706132,5,48.15031468447171,10,52.15361924162119,20.947502157234545,38.416599659956795,99.73521624007061,0.8446995262945527,0.5223207924578643,10,80.39900496896712,27.703754449459115,56.780146834386635,89.71756398940865,0.8685062296452337,0.5763035954103531,9,48.33218389437829,22.92917830703748,39.73111137893497,100.0,0.8676639921097787,0.5294696879226253
44,Scandinavia,91742.53972380195,32,30.20893771804924,10,53.90106969852023,21.64435446978878,40.0,99.6512641673932,0.8465523279688382,0.5150354867154,10,87.8179936004006,26.076855519012813,53.665631459994955,92.81604184829992,0.8615014503755531,0.5484238612558785,10,50.59644256269407,21.748360560742274,37.01982310863025,99.98256320836965,0.8504066371401933,0.512230809852691
45,Patagonia,111745.14598360634,4,94.29950251675882,10,100.76987010686418,38.91908330228042,74.63177810514006,74.69534050179212,0.9399847617330989,0.6637262109990049,10,175.6359872008012,71.90780029649264,140.51334456200237,36.11469534050179,0.9567027517009654,0.7847072747682421,10,129.55307792561317,51.15309278947924,104.6900186264192,53.80645161290323,0.9433761542559551,0.7140912680557174
46,SE Asia,103355.2450085078,26,35.57170238522357,10,69.85699678629192,24.091239236847535,44.721359549995796,97.42994271559064,0.868723389065622,0.539481473515558,10,108.664621657649,31.365880352198527,69.85699678629192,82.10249264592042,0.8843526177367677,0.5861276653131374,10,54.405882034941776,23.769825834382004,40.792156108742276,99.72131908964236,0.8711983933697749,0.5344506306576581
47,Tropics,119382.5375517382,11,58.775877813657466,10,94.88672354328119,35.251688126973356,66.16065327845504,81.5465022782096,0.9285931580262109,0.6364364889793622,10,156.86937240902063,52.73646357258421,116.48175822848829,51.87617260787992,0.9434053608880154,0.7159577082020475,10,134.46189051177288,40.2618986243224,85.88364221433555,71.28115786652373,0.9308962095917632,0.6583081515243961
48,Kansas-like,173318.88256850978,7,88.77669721906929,10,115.44695751729449,44.250381314634815,82.37960183556456,63.637202435873775,0.9532273048551356,0.6935386212849122,10,241.76021178018522,77.18514271859979,185.29975715040752,35.13563388078981,0.9640539822351093,0.7900201007562903,10,180.88670487352022,61.91703166748269,134.937022347464,44.76840745525005,0.9561595588167691,0.7484733205567681
49,Sahel,149053.03099163968,11,65.67485566326518,10,116.27553482998907,37.509212176145915,72.99315036357864,78.40420962199313,0.9355769623031868,0.6485415934163014,10,156.46085772486356,56.84556710007157,116.27553482998907,46.391752577319586,0.9493207579052095,0.7360277544192863,10,103.57595144810448,37.8897821377834,69.05070600652827,75.2147766323024,0.9362973768745263,0.651407368880969
50,Scandinavia,100696.62307022614,10,56.615131041600314,10,107.45114891269556,33.282485309674264,61.94368531878269,86.18118356338252,0.9211522729177803,0.6162071185323429,10,153.3101431738944,54.18586007560146,121.04874400929994,50.78534031413613,0.9395932391668761,0.7136158795780803,10,99.95872273617225,35.901134468488706,68.62175993157143,76.757099793749,0.9232907021832726,0.631605230486093
51,Patagonia,60888.94276129765,29,25.852067508995393,10,52.0,17.68335640185275,32.2490309931942,99.9474513925381,0.8028950042904577,0.47166620013330396,10,56.568542494923804,19.061250696440702,36.87817782917155,99.6847083552286,0.8112211738640446,0.482909439320323,3,48.33218389437829,20.99379747427661,37.73592452822641,100.0,0.8388938434616026,0.5050692659296602
52,SE Asia,83674.91713315749,16,40.800240003195356,10,65.55902101531478,25.701115661616505,47.15474031327203,96.46339132097114,0.8828197089397177,0.5563355923313666,10,114.61239025515522,37.82020046876652,84.38009243891595,72.70120435863123,0.9050566232865875,0.6301320629913263,10,59.0592922409336,25.542366117971614,43.98372655160648,98.9868094054674,0.8845220010996719,0.5538630790722144
53,Tropics,83163.58720196834,16,40.67538565958402,10,65.11515177937207,24.668304647724547,44.721359549995796,97.6891969959561,0.8757160248380831,0.5490845216730639,10,117.09824934643558,34.925993373361045,82.07313811473277,78.58655882919314,0.8960525581824134,0.6116828217766902,10,53.665631459994955,24.459015370594418,41.182520563948,99.80743308299634,0.879120970517873,0.5428079953187214
54,Kansas-like,103242.84575394099,34,31.08963250744323,10,59.0592922409336,21.352263963333172,36.87817782917155,99.6124031007752,0.8490279251468699,0.5117129160716846,10,83.5224520712844,25.503440183232232,52.0,93.7984496124031,0.8633940144956568,0.5429329167077559,10,50.11985634456667,21.701408982943732,36.87817782917155,99.98449612403101,0.8535446267957316,0.5117557682511622
55,Sahel,156784.75828586207,37,36.72621074681703,10,78.29239726052104,27.206274069894523,50.33059673966503,94.75456679252984,0.8874619186625011,0.5661854585416204,10,128.9961239727768,34.576289372023346,80.0,80.47759975507705,0.8985676274146323,0.6070808551384754,10,65.60487786742691,26.685879313800413,45.98107135625538,97.73446270027554,0.888393631789915,0.5609653523079635
56,Scandinavia,143312.98722106445,10,67.5410546638088,10,102.85969577997146,38.732263156951916,75.05817459871349,73.97856664434025,0.9364355884873468,0.6583101987782237,10,170.1763790894612,63.56628963863932,129.1200991325518,42.554141549453,0.9503485674287073,0.7549185504132394,10,144.9413674559475,49.722913318459135,109.1897399753992,57.635632953784324,0.9393261496767974,0.6997414855872369
57,Patagonia,144937.7231217295,34,36.836327238608725,10,70.28526579082926,26.648023957963673,48.16637831516918,96.16021185038068,0.8870711376608661,0.5619086554287961,10,132.9661611087573,33.36885956483426,76.09467132558557,83.30574864835043,0.8978900369794723,0.6000852338897515,10,67.05221845696084,26.529255191641735,46.647615158762406,97.20842987973077,0.8876549126685144,0.5602779646308318
58,SE Asia,64937.30558592737,6,58.69438694080065,10,68.35202996254024,27.39596845814416,51.958814591804135,93.88560157790927,0.8938851294437193,0.5795731870386359,10,112.0714058089752,41.17247871198049,88.09086218218096,66.59270216962526,0.9174797631056777,0.6624147592860277,10,55.569775957799216,26.68971902927767,44.721359549995796,98.93984220907298,0.8973690427307242,0.5688926288131587
59,Tropics,38257.64414254998,19,25.31671629230384,10,47.35033716356192,15.97803520125386,28.766286941913346,100.0,0.7809210040921312,0.45559584870501707,10,39.18397753547309,15.829103123100362,28.0,100.0,0.7807690000052634,0.45238273972476484,4,42.5205832509386,19.05197185884389,32.2490309931942,100.0,0.8241635136519243,0.48527138521740143
60,Kansas-like,39009.41775295449,33,19.397815657282283,10,35.77708763999664,13.490811421950173,24.331050121192877,100.0,0.7367995415277636,0.4194430975643761,10,35.77708763999664,13.612546739621566,24.21442092682399,100.0,0.738962041628103,0.4181407955748068,1,42.5205832509386,17.198616783777823,32.2490309931942,100.0,0.7881833870911927,0.4605599948601069
61,Sahel,116008.226980231,4,96.08143099275307,10,100.40798817318655,39.39977908827204,73.43417709827389,73.40498828717101,0.9434086472896731,0.6664665815699133,10,183.52111595127138,71.23960499952254,148.48568954616468,35.19360617334987,0.9595161168122417,0.7845414995198011,10,152.0526224699857,53.314545123416494,110.92339699089638,51.23329199393689,0.9470392422414924,0.7212955983413681
62,Scandinavia,142830.51299866877,26,41.81661628522009,10,80.39900496896712,28.547795159387956,50.607838948592395,94.47866502407885,0.8998959546468158,0.5797133956185618,10,140.91131963046828,38.79836195297437,88.36288813749809,73.61406652480682,0.9138002523654019,0.6363107846959976,10,68.29750227896514,28.32953921567099,48.82622246293481,95.72180535334304,0.9005197395558935,0.5780532791249691
63,Patagonia,85738.79416360075,23,34.44687517332413,10,57.678045939054655,21.797954899974766,39.588946934879964,99.66417910447761,0.852174644610608,0.5206813380257361,10,85.60373823613078,26.950821771815683,59.464274989274024,90.14925373134328,0.8675979196972613,0.5581467378512149,5,48.662100242385755,23.924698451068178,40.19950248448356,100.0,0.8737549113788812,0.5382991544515032
64,SE Asia,97035.73671477396,10,55.57646472153476,10,110.34491379306978,31.75846091906012,65.40684821944697,87.46701846965699,0.910242541106598,0.6058849007598548,10,159.29846201391902,50.152931164330724,113.13708498984761,55.57387862796834,0.929408870009318,0.6976171093402584,10,85.63347078191038,31.909170342838024,60.20374147967692,84.89445910290237,0.9115237317238754,0.6081565009161773
65,Tropics,213624.61504902088,18,61.463099545043164,10,105.22357150372724,38.929206732051334,72.11102550927978,74.60864354729982,0.940954218038266,0.6575455643446404,10,160.44936896105264,54.39165733548405,108.81176406988355,47.659351359448735,0.9511115702928381,0.7271094685421048,10,140.0,48.662672622235284,101.82337649086284,56.085686465433305,0.9439143405291043,0.6988365327115871
66,Kansas-like,239697.48783136051,22,58.8905302119345,10,108.07404868885037,39.25295871504559,69.05070600652827,73.03430783606996,0.9426067805432964,0.6566735195418033,10,164.43843832875572,53.86887245935106,111.57060544785082,50.62741957015084,0.9507175425516261,0.7183002386252546,10,164.43843832875572,49.30787028825399,107.4727823493368,57.495661460419164,0.9448939434018891,0.6943301536929134
67,Sahel,204399.76839990198,34,43.744736495265066,10,103.84603988597736,33.40261970181787,63.245553203367585,85.4391733208079,0.9175957809178354,0.6131025007814856,10,168.61791126686393,46.03503138444305,101.9803902718557,61.7112885548771,0.9275774409817501,0.6714194000567901,10,105.78531006622013,35.07979168279667,68.58917272041944,80.00626272115234,0.9188276029148769,0.6216581027378268
68,Scandinavia,174497.42819601877,20,52.699267788290435,10,102.44998779892558,34.0350039117904,65.57419011742925,84.25688073394495,0.9242142154670544,0.6247610493886727,10,123.48279232346505,42.43377418094871,85.88364221433555,65.59633027522935,0.9343386578777844,0.6710152220587549,10,122.11470017978998,36.58222117857671,72.11102550927978,77.14678899082568,0.9259792567467386,0.6359078976934743
69,Patagonia,202800.55509110505,17,61.6219124553153,10,111.42710621747295,39.44907304484969,75.47184905645283,74.63899629132801,0.9413649262021644,0.6590378799125012,10,213.80364823828427,58.29919696026382,145.50324213519374,48.84399905310502,0.9514782124921952,0.7290928732973014,10,121.06196760337245,43.47024925762497,82.46211251235322,62.921170993450644,0.9429700547503937,0.6787046487421204
70,SE Asia,111912.24481883456,10,59.68481709015765,10,84.353194105543,31.977086115379137,60.98704995014602,87.31247321045863,0.9177053703300718,0.6121741214616704,10,146.696966567138,49.066538455562736,110.94501248336647,58.822688955565084,0.9347085915232983,0.6944719674323198,10,74.86604675726974,31.037443589799434,52.326621302040934,91.81311615945134,0.9186901074506922,0.6055843922975318
71,Tropics,92163.50267009943,20,38.29918670495422,10,77.77333649024276,26.619320926123322,53.262797296391426,93.45599722270438,0.8817702911677194,0.5614116225180645,10,128.56126943990557,40.20495119855625,100.31948963187563,70.83839611178615,0.9017544094948977,0.6340588979598486,10,63.364748699712976,26.076603203208204,45.60701700396552,97.56986634264885,0.8850379231995963,0.5557375318225255
72,Kansas-like,70138.01041821863,38,24.23873700102287,10,57.62716483574052,18.611823764690296,35.77708763999664,99.84007310943569,0.8092421921762949,0.4810638667246731,10,60.530983801686226,20.319487035123906,40.792156108742276,99.20036554717844,0.818606032293614,0.4958034872480549,5,48.662100242385755,20.27726589188944,36.22154055254967,100.0,0.8300174517467431,0.4972110284792677
73,Sahel,54081.072197548856,27,25.250258477517608,10,43.266615305567875,16.777280466141434,29.120439557122072,100.0,0.7932787058952009,0.461984525353027,10,55.71355310873648,19.019354096871336,37.94733192202055,99.52564482656389,0.8070154421473106,0.48157717594554783,3,48.662100242385755,20.27981920181416,36.0,100.0,0.8334109557397017,0.49427026059107265
74,Scandinavia,44517.34162088488,16,29.75977774672216,10,67.40927824554362,19.509174764074046,35.70075673262469,99.10394265232975,0.8255288085816559,0.4961667433258026,10,81.35838139574169,26.077757755837307,59.464274989274024,89.28315412186379,0.8488034416891082,0.5465173789934423,7,49.47726750741192,22.41229326478116,40.02236599785457,100.0,0.8561793807313444,0.5190592784250793
75,Patagonia,92723.9146946228,14,45.915247026420396,10,72.3520027503191,27.518051380081047,49.78146881696238,95.07066528783177,0.8946575646529177,0.5740555752917381,10,134.46189051177288,42.988632020026294,102.43826134465151,65.87383660806618,0.9121585255921061,0.6529672273316237,10,69.85699678629192,27.41731157396953,48.16637831516918,96.46673560841089,0.8959565124648321,0.571609596939095
76,SE Asia,234341.93879755246,30,49.86426772306925,10,122.33245973399761,38.612519148408936,73.7563556583431,74.7783990181372,0.934421252125473,0.6494561980380291,10,164.19500601419034,52.26602573809023,100.9554357129917,49.98636301650075,0.9448378316343375,0.7140520141597715,10,163.1686244349691,47.45101965844734,97.20058723739905,57.87535797081686,0.9372693651510836,0.686447405930561
77,Tropics,123428.42305825032,25,39.642647386629676,10,64.1248781675256,26.84981671266255,47.53018440884024,96.86406634702604,0.8911114245630316,0.5647992796365888,10,116.82465493208187,33.17403363336953,66.2117814289874,82.27290397822988,0.9031487031353064,0.6037345951980022,10,62.48199740725323,26.93207335521681,46.651479486554386,97.8100298043281,0.8924315414430959,0.5635377557992557
78,Kansas-like,152767.4253282423,39,35.31084738136919,10,69.57131862208558,25.910375875499533,46.34920826021117,96.98460894147209,0.8826967018232716,0.5535209217054317,10,90.24411338142782,31.211173167753884,63.245553203367585,84.67176211914983,0.8941671225824764,0.588421997924661,10,64.1248781675256,25.789885826508726,44.721359549995796,98.41901371584127,0.8834720314791584,0.5515617262255362
79,Sahel,204128.49557626576,8,90.12222131205321,10,122.47466911292244,46.71155219044425,85.34376152825016,58.09688038877567,0.9588009212402588,0.7069075960649631,10,223.78561169118984,85.04804998852265,181.10770276274835,28.491926634268694,0.9690213281448542,0.814306892767246,10,185.55861607589122,70.03591119632927,145.98630072715727,37.28640852798244,0.9620833801236275,0.7756706799497781
80,Scandinavia,38649.82341294771,30,20.25061389324531,10,39.395431207184416,14.286029945482925,25.298221281347036,100.0,0.7515272426428717,0.4291270581344643,10,32.2490309931942,14.24742580770998,24.331050121192877,100.0,0.7531976792895891,0.42655679992025375,0,48.662100242385755,18.65012983482948,35.77708763999664,100.0,0.8098984818076842,0.47779197284044866
81,Patagonia,55768.46906859285,20,29.79232706744141,10,57.37267191262143,19.937030670518016,38.49499193544745,99.25480080252221,0.8277267425559591,0.49968865460224043,10,96.33275663033837,26.156894782973918,65.11528238439882,87.36027515047292,0.8447866624128281,0.5418960853053875,7,49.47726750741192,21.170486653486257,36.87817782917155,100.0,0.8467781665251515,0.5104397887326272
82,SE Asia,63253.1773310735,19,32.55288141261937,10,53.675405490153246,21.938823997466194,40.0,99.54453441295547,0.850322157941419,0.5212902119312706,10,107.70329614269008,32.85468723537836,78.67903003612064,78.11234817813765,0.8733481969133305,0.5921884463313273,10,48.01672142423075,21.91301935920254,38.06498559632303,100.0,0.8536335412705948,0.5175625492834245
83,Tropics,111691.62454157784,23,39.31619220334163,10,68.0,25.18487197465731,44.721359549995796,97.9238258877434,0.8801728252698785,0.5523948413998496,10,88.81441324469807,31.16900475927423,63.245553203367585,84.63631156930126,0.8946513680431532,0.5942504075110184,10,59.464274989274024,25.052888894527555,43.08131845707603,99.0979381443299,0.8820088931705158,0.5491683490995714
84,Kansas-like,60626.164642679134,6,56.712590558550794,10,74.4043009509531,26.66325470856342,50.85327729359583,94.51042491422538,0.8890075046469856,0.5722604385963909,10,113.20777358467925,44.28463698950579,96.71400290325218,61.546582211665346,0.9153777298975313,0.6729682754282382,10,66.94783512257318,26.7037361868069,48.802088511289156,95.67168118237002,0.8909413247833601,0.5687330178928269
85,Sahel,92444.99421090799,35,28.995642818255746,10,57.341383597524,20.821678558636055,38.85333689843593,99.6017316017316,0.8366558309980243,0.5065315885771731,10,78.89233169326408,25.005599213377362,54.75505021179922,92.36363636363636,0.8501863569038898,0.5369758944357585,10,48.662100242385755,21.223222364296085,36.87817782917155,100.0,0.8438111730968898,0.5040859478530065
86,Scandinavia,39489.92013851736,17,27.19216148375726,10,48.66669383383671,17.021871469807568,32.2490309931942,100.0,0.7925896245274028,0.470403805133513,10,39.59797974644666,16.383658925483704,28.284271247461902,100.0,0.7899730069942906,0.4612817544177682,4,46.159227260678385,19.880725614457344,35.77708763999664,100.0,0.8310787371129684,0.49696984689231805
87,Patagonia,146905.0524168701,4,108.12184158928959,10,108.54942654714547,44.197857698938996,83.3917505011543,64.7795318454001,0.9531327344160195,0.6954644453828281,10,189.65231345807516,81.58679936252216,161.9876538505327,30.146978769733263,0.9665548847429595,0.8126782934819202,10,171.81385275931623,63.76837848602878,132.9661611087573,43.87588459444747,0.9564708271465931,0.7574014373179081
88,SE Asia,161992.1671763748,23,47.348710232917206,10,97.16296011049987,33.2454344327502,63.694173531888765,85.83143958106906,0.9187900124836628,0.6157393096680175,10,164.04877323527901,51.22558548577156,118.18629362155326,56.25926291868393,0.9332948337759469,0.6962434006734332,10,92.34717104492157,33.63878917066356,62.609903369994115,84.13200276652505,0.9195691933107776,0.6176389135512141
89,Tropics,198089.94848551834,4,125.55276675224873,10,176.58992043715293,52.07133312335182,102.19576970214587,53.42056376706243,0.9650855233320135,0.7317195413056371,10,239.23210486889087,86.88347220752522,179.77764043395385,24.925288748889425,0.9746419533197733,0.8313887838522779,10,209.990475974507,73.48604688947385,152.31546211727817,34.20563767062434,0.9677290831594428,0.7930211496338319
90,Kansas-like,159580.00241574395,39,36.089593786093566,10,67.6663577977028,26.3876038530397,48.0,96.54031287605295,0.8850551991573518,0.5577326955393999,10,132.06059215375342,34.154244278293824,78.587530817554,79.8235058162856,0.8963707129614299,0.6022671626510745,10,64.62197768561404,26.195023997016982,45.60701700396552,97.74368231046931,0.885746169742408,0.5550746782276381
91,Sahel,71129.80215866753,24,30.71462682867956,10,54.405882034941776,20.125255252345585,35.77708763999664,99.75280898876404,0.8354383036792175,0.501718401559162,10,76.94153624668537,23.480679984469454,46.17934598910399,96.69662921348315,0.8502281360686673,0.5276465399821031,6,48.82622246293481,21.92880985528328,36.87817782917155,100.0,0.8562753874077472,0.5174694843236447
92,Scandinavia,139927.3160879009,14,56.404310915506045,10,99.03534722511958,33.71328894986185,64.36572886754097,84.4253859348199,0.923148276546996,0.623537681920148,10,160.44936896105264,49.658656378675616,108.664621657649,56.15780445969125,0.937770576360812,0.6990255062765014,10,106.28264204469139,35.414012988363325,66.57326790837296,79.40537449971413,0.9248592372589399,0.6318420870140581
93,Patagonia,192061.70051207425,38,40.110091272010884,10,85.60373823613078,29.782656639009986,55.71355310873648,91.01582014987511,0.9023601244163659,0.5854636525408883,10,150.78461459976612,39.306924441083936,92.34717104492157,73.0474604496253,0.9134477108356154,0.6352315608874028,10,79.39773296511683,30.102231258230464,55.569775957799216,90.49125728559534,0.903055151195606,0.5871925627125785
94,SE Asia,188851.60428764348,23,51.123606674508295,10,97.40636529508737,32.986880027534674,60.92618484691127,88.18097093959163,0.9228867305138229,0.6166147838260372,10,109.2520022699813,40.09401231223552,76.10519036176179,69.6178937558248,0.9331314108660675,0.6585796166733319,10,88.09086218218096,33.075432423589575,57.688820407423826,86.65593493179699,0.9238339431306667,0.6158436623131761
95,Tropics,60509.554692880185,6,56.65802306723287,10,64.33938374494902,25.63289600408986,44.721359549995796,97.80481354139117,0.8886663385637813,0.5635467683353422,10,102.52804494381037,38.304011972697964,83.5224520712844,72.01798466014282,0.9113983132390571,0.6424459806763941,10,57.688820407423826,25.418544430828927,43.08131845707603,99.1801110817244,0.889618935005316,0.5587860575341788
96,Kansas-like,230301.3599630984,26,53.0990365253117,10,108.81176406988355,37.43042740417219,71.55417527999327,77.86111111111111,0.933798127666526,0.6442580410138801,10,132.9661611087573,44.88023067092376,83.5224520712844,59.56944444444444,0.9417030343543119,0.6846474420783066,10,117.71151175649729,40.910394535525604,80.0,68.52083333333333,0.935314657870428,0.660755372658695
97,Sahel,67175.69814230336,30,26.69749603114698,10,50.488912517916944,19.137487110087424,35.97471229318542,99.9524149417083,0.817472274651359,0.4873606264953447,10,85.88364221433555,24.12836932233546,55.45338656551305,92.24363549845349,0.835390607702484,0.5243709700658825,7,45.254833995939045,20.14683124277845,34.40930106817051,100.0,0.8329093397719254,0.4953544114563403
98,Scandinavia,54458.520842113634,16,32.91531327797024,10,56.142675390472796,21.31948554071593,37.11266056003521,99.58787165145718,0.8475122331284116,0.5135956933117097,10,81.58431221748455,27.72238553754338,59.464274989274024,89.34353841624963,0.8685309215082456,0.5608637490774057,10,48.16637831516918,21.696742730585548,37.53376103711319,100.0,0.8533170460476098,0.5128311054399705
99,Patagonia,49583.17449294159,38,20.379824020132258,10,39.395431207184416,14.323201678961382,26.55835134701869,100.0,0.7498360661103667,0.42887288821206465,10,36.22154055254967,14.179356230206702,24.98499981692972,100.0,0.7500645996009957,0.426025996828155,1,49.47726750741192,18.210331294937383,36.87817782917155,100.0,0.7958885973598093,0.46871670609336213
100,SE Asia,129453.96437302137,20,45.390790181278476,10,81.08280339854832,30.545770004876,54.405882034941776,91.34520276953512,0.9104460732923322,0.5989695314122994,10,178.39282496782207,46.353888448379834,115.80643513105287,63.34075173095945,0.925375681976269,0.6736013572024063,10,98.78936806553857,32.351945512565045,60.98334812318815,85.53412462908013,0.9121712668953564,0.6083021530314965
101,Tropics,51193.65622405103,15,32.96002314522831,10,53.665631459994955,19.72956609668651,35.98411624733093,99.84394506866417,0.8308260156305345,0.5012655549278443,10,74.72616676907762,25.73450769647692,55.569775957799216,91.04244694132333,0.8525582212515677,0.5501352383284371,7,46.8187996428785,21.69950673149727,36.87817782917155,100.0,0.8549865085477691,0.5140407354748245
102,Kansas-like,93632.34144055434,28,32.62563625382034,10,64.4980619863884,22.490095148912363,41.57392260177289,98.29205807002562,0.8547957726045137,0.5218740925246501,10,75.47184905645283,27.633397466032438,54.75505021179922,90.41844577284373,0.8724919360480148,0.5597001777664932,10,52.0,22.256730074859558,37.94733192202055,99.94876174210077,0.8575194147497416,0.5179784700828904
103,Sahel,55582.19472313635,37,21.867143114831183,10,43.08131845707603,15.191880979004177,26.705750617723854,100.0,0.7670205377538201,0.4404782041156809,10,36.22154055254967,15.244443435420166,25.612496949731394,100.0,0.7686653784864804,0.4394381824931803,2,48.662100242385755,18.09664191103551,32.984845004941285,100.0,0.8043291787558329,0.47173944237278426
104,Scandinavia,44270.62530458839,33,20.66454854882953,10,48.82622246293481,14.689012338340259,26.832815729997478,100.0,0.7553953130013267,0.436757272999373,10,32.984845004941285,14.39390678081173,24.86116574439012,100.0,0.7549089536741738,0.4303043777584804,3,48.82622246293481,17.881415898006004,34.40930106817051,100.0,0.7958599764624333,0.46810126747318087
105,Patagonia,114419.39215773379,11,57.54115025151902,10,96.99805539560967,32.068161123624925,60.530983801686226,87.07378423700392,0.9177577835570911,0.6126199641253781,10,188.67962264113208,47.832169818390376,116.27553482998907,62.017887087758524,0.9333387395488917,0.6860025444456145,10,84.14276430117054,31.916424945167268,56.142675390472796,89.08608160983789,0.9195892722135959,0.6103839507727048
106,SE Asia,85310.1005280324,29,30.600342791299337,10,63.68077667367235,21.546424785042802,40.0,99.02493905869116,0.8455627868787493,0.5140665870351587,10,86.53323061113575,26.75302801626391,58.240879114244144,89.64935308456778,0.8610065627211478,0.551621535879226,10,48.82622246293481,21.38411344835064,37.4256151696484,100.0,0.8481266922236876,0.5098103138898935
107,Tropics,146402.9513642544,34,37.02205494730646,10,81.58431221748455,27.174774995963965,50.11985634456667,94.96119794513062,0.8886931907048079,0.5633785516698918,10,111.42710621747295,33.72566503069784,70.8801805866774,80.21641709476445,0.9005268682853254,0.6033316168525308,10,66.6856010334862,26.654904262993732,46.09679352223138,97.7265274893431,0.8890077440685092,0.5592740139814061
108,Kansas-like,55306.8263706256,10,41.9579665942244,10,66.57326790837296,22.93688761458236,44.18062635016669,98.0341139057531,0.8604909265275857,0.5368089292242137,10,100.23971268913334,31.05989141616334,71.55417527999327,83.3188782885227,0.8806755993076484,0.5941616311839096,10,52.0,22.978398851285924,39.55450557753971,99.88435964151489,0.8675545751551064,0.5312576970069267
109,Sahel,105308.09425562952,12,52.85247352832011,10,87.7144431502313,30.929369183663958,58.54079062547257,89.4648829431438,0.9108994218434698,0.6023709016794054,10,145.60219778561037,50.40830272642311,117.64352935882194,58.33079963514746,0.928812717532129,0.6906259204640485,10,84.38009243891595,31.719899024137316,59.0626414040864,87.35177865612648,0.9127332160085162,0.6057480187365344
110,Scandinavia,172483.58524601188,20,52.39428899614451,10,90.03228048805289,34.02110669426086,59.0592922409336,85.42438843587843,0.9269383074407466,0.6245029692564652,10,127.62444906835053,46.08632324469805,93.03762679690406,59.7479614529281,0.9386089244061032,0.6862125434542691,10,126.30122723077555,41.67940363121667,88.36288813749809,67.62416604892513,0.9297041004430827,0.6590062688419106
111,Patagonia,81957.66946272939,38,26.201615276930287,10,58.44087302828899,19.457002046125346,36.87817782917155,99.35634874195436,0.819420808993666,0.48888163911900756,10,85.5102333057278,23.519922884265156,52.15361924162119,93.66101033742929,0.8346642902345142,0.5200520002659091,7,49.99582622294209,20.54655993609751,36.87817782917155,100.0,0.8340720929682762,0.4968261525605989
112,SE Asia,201566.46863874336,35,42.815417680639634,10,95.0789145920377,31.14446507896428,55.71355310873648,90.34663282303482,0.9112703968860121,0.5980835589182273,10,130.29197979921864,40.52006147840745,84.8528137423857,69.04100896327438,0.9227275373980376,0.649858662487415,10,76.94153624668537,31.06956715242895,53.81449618829484,90.44181803759817,0.9122907806982622,0.5966342673613413
113,Tropics,290306.2395590277,29,56.44873966171261,10,123.80218435749072,41.37796225677863,76.10519036176179,68.58589750646777,0.9441244871801051,0.6678474060672035,10,191.03926298015284,58.59719406940588,128.7353370853577,46.9477624263775,0.9524930028667207,0.7329721492999784,10,191.03926298015284,54.295762819081254,127.2540471888713,53.360488798370675,0.9464025412555489,0.7099117797074619
114,Kansas-like,28226.200090975577,5,42.39027845711641,10,52.72860015030374,18.43894438269205,32.360061019404874,99.88662131519274,0.820963016976288,0.4924967607138842,10,65.60487786742691,23.715784406696077,50.91168824543142,94.44444444444444,0.8436426762314423,0.5378189613270417,6,49.1691840522633,21.859800090105303,36.0,100.0,0.8632925951033729,0.5239180823945503
115,Sahel,88741.25940928076,9,56.02303115919222,10,105.52709617363993,29.084595746226324,55.10703228909317,92.16780698595606,0.9048291022731791,0.5884788307774318,10,153.1012736720371,46.19126417234323,108.1516934856591,63.629816348577606,0.9250528417807101,0.6734435647259783,10,85.49650604600106,28.39523757214095,48.16637831516918,96.27295642779978,0.9074869517302838,0.5821889132806923
116,Scandinavia,71282.66346191723,5,67.36464427790045,10,81.0817560620212,28.850683119659728,52.70890619929455,93.39177343223196,0.9052229579786811,0.5935834364215509,10,134.40238093129153,46.97746167176318,96.13323222310804,57.473589570690045,0.9292423325479149,0.6968274524240894,10,98.79271228182775,30.452765863787842,58.240879114244144,89.6381209260508,0.907251880746596,0.5993663777570352
117,Patagonia,164335.87423563947,32,40.43116581915032,10,84.75848040166836,28.897439141829913,52.10337609164769,93.5669099756691,0.9000642231063114,0.5776869735084396,10,94.82615672903758,34.49559155724385,68.35202996254024,78.86131386861314,0.9102290693174151,0.6125838956998679,10,69.85699678629192,28.632070875396412,50.11985634456667,94.9294403892944,0.9008308438259017,0.5764872342892614
118,SE Asia,80013.68424586061,11,48.11836421825366,10,62.713676074846205,26.086590315002347,45.60701700396552,97.88,0.8893312664668223,0.5671274857529095,10,105.60303025955268,37.53988602743867,77.25283166331187,72.5,0.9114419180876586,0.6419714347275343,10,62.48199740725323,26.20398232240872,45.315652835102014,98.22,0.891231479062487,0.5630721155799434
119,Tropics,101585.68646675754,31,32.29687306203229,10,67.50013340528048,23.360020408080953,43.266615305567875,97.84353848575476,0.8603849412274049,0.5321462402719004,10,88.36288813749809,29.3997631596353,61.05735008989499,86.74641901463875,0.8776118039844014,0.5747674883882163,10,54.540543701797795,23.078037577106095,40.792156108742276,99.37037620022036,0.8617538533494834,0.5270876779679481
120,Kansas-like,44121.09476695044,30,21.636528259382896,10,40.792156108742276,15.001480408866014,28.284271247461902,100.0,0.7610763754819769,0.4421767107162883,10,39.395431207184416,15.141809499567547,28.284271247461902,100.0,0.7629900676951408,0.4406132034923976,2,46.70124433269659,18.958602517286153,36.87817782917155,100.0,0.8081346410800766,0.48287602544377495
121,Sahel,74036.87554708267,34,26.32750151725454,10,57.688820407423826,19.306335234659173,36.22154055254967,99.71934369602764,0.8191740048769265,0.49051420583928285,10,80.39900496896712,23.316791461300486,50.11985634456667,94.86183074265976,0.8359968935059832,0.5218872976202815,6,48.16637831516918,20.89620421917309,36.87817782917155,100.0,0.8389957495591472,0.5024978716725188
122,Scandinavia,71033.06301207078,31,27.00688454799955,10,54.08693935337517,19.559378471349184,36.22154055254967,99.82002249718785,0.8232585827313149,0.4927932437320214,10,70.76722405181653,23.105070100494885,50.59644256269407,94.75815523059617,0.8364152007110909,0.5182569780555334,6,48.82622246293481,21.432846865779368,37.99317146290623,100.0,0.8432955922361115,0.5086670701324724
123,Patagonia,210470.58203714373,6,105.66840194154494,10,130.72387195783563,50.64468435171518,97.49319271084676,54.28071776155717,0.9627409382065961,0.7253119215859243,10,245.86174977006894,96.01604998204981,201.22821308554887,25.87439172749392,0.9722095178420241,0.836057532270791,10,197.46392075515973,81.10309011276377,164.0,33.835158150851576,0.9655504829951955,0.8012096014147783
124,SE Asia,140099.2539059458,26,41.414869851500846,10,80.25351142786778,28.281697201882313,50.11985634456667,94.77168949771689,0.8994619043276174,0.5778058417639259,10,92.0869154657707,35.18826719711985,67.05221845696084,77.02054794520548,0.913681006873132,0.622984896388074,10,70.76722405181653,28.542622123110466,50.59644256269407,94.32648401826485,0.9009586630114076,0.5788084854715182
125,Tropics,59849.640739410745,6,56.34822140331582,10,73.55931323442167,25.920868520221735,46.8187996428785,96.7681623931624,0.8878337909328691,0.5659737571788898,10,108.81176406988355,38.89689339738029,88.54377448471462,72.32905982905983,0.911930448993508,0.6458333740289245,10,55.71355310873648,25.55093999427178,43.13274940377199,99.30555555555556,0.8909147505765329,0.5598233794370392
126,Kansas-like,133989.3715435667,32,36.50776527238347,10,69.63155715475345,24.401545726686408,44.05291657613544,97.76716417910448,0.8737712170849793,0.5430243528613368,10,104.6900186264192,30.575962167215707,65.60487786742691,85.6,0.8882227095000227,0.5842422924557851,10,60.13318551349163,24.48825899079384,43.061660504289634,99.05671641791045,0.8762589340104654,0.5411962339227249
127,Sahel,49899.0136202186,14,33.682710005214425,10,48.16637831516918,19.33388602312738,34.79156653993624,100.0,0.8272003375866175,0.497255908520512,10,76.83749084919418,23.97696133307806,54.405882034941776,92.63292761050609,0.8435269489536734,0.5337002920261444,5,49.47726750741192,22.49386982787761,37.94733192202055,100.0,0.8617801136055663,0.5252686499106359
128,Scandinavia,89610.1408278977,5,75.52985334004241,10,89.93772601378924,34.01948732798177,65.11528238439882,83.57755539671193,0.924856465513556,0.6259401295196723,10,140.51334456200237,55.49709581229978,115.16944039110375,46.80128663330951,0.9453945567963659,0.7302829438665397,10,107.70329614269008,41.52131319506762,86.34813257969161,65.86847748391709,0.929412078291741,0.6653455917349438
129,Patagonia,60643.6546274876,17,33.69715889773349,10,53.90686984176918,20.836754417178632,37.73592452822641,99.73614775725594,0.8423494351059874,0.5119903220962482,10,80.89499366462674,26.40134883805253,56.85068161420758,90.23746701846966,0.8601339393130942,0.5538292731136216,8,45.23317839884599,21.74133617474862,36.72358310188581,100.0,0.8557059022961889,0.5161223661817437
130,SE Asia,90303.87967065726,34,29.076277808106145,10,54.34273346387428,20.34462230553175,36.22154055254967,99.75221238938053,0.8360143149243704,0.5001773007592776,10,72.11102550927978,23.217631322024143,45.60701700396552,97.32743362831859,0.8480771807181879,0.5225024344020553,7,48.662100242385755,21.62338266107588,37.94733192202055,100.0,0.8492665720557293,0.5107960317500229
131,Tropics,99145.61748020553,36,29.6081024082119,10,65.11321606538,21.310933835962654,40.0,98.64516129032258,0.8411133745779973,0.5107887781448169,10,84.38009243891595,25.79188891182703,57.688820407423826,90.83870967741936,0.8548315311094141,0.5441179874009651,10,52.61042337977752,21.453884121322968,37.9654820819679,99.87096774193547,0.8460719744862021,0.507355381015116
132,Kansas-like,97191.97204527131,7,66.48003519823341,10,98.92095895955255,32.11850237127488,60.0,87.76315789473685,0.9187384159982163,0.6151861782189674,10,160.099968769516,60.532296658500165,131.93938001976514,48.141447368421055,0.9401385356581233,0.7342471302532309,10,96.08329719571451,33.588606913495,62.609903369994115,83.10855263157895,0.9209049822929228,0.6213785374938199
133,Sahel,149801.41903513923,9,72.78833288931033,10,115.44694740442999,39.30395990917908,73.27534252763303,74.3937613502831,0.9425574001341476,0.6630456210781096,10,175.72706109191037,61.245356465085166,124.25779653607253,43.713278495887195,0.9553158217788507,0.7528714793028563,10,160.1998751560063,52.30228248108909,113.77170122662314,54.1501976284585,0.9458375435764653,0.7127611032534013
134,Scandinavia,85168.56772883158,29,30.574948670665375,10,61.05735008989499,22.404465038123963,43.08131845707603,98.5944527736132,0.8494568862172008,0.5230390622144006,10,107.62899237658968,30.005339405626756,75.15317691222374,84.53898050974513,0.8658243833243178,0.5718560969951569,10,55.71355310873648,22.43354324530131,40.07117137870766,99.62518740629686,0.8534213173035463,0.5193705141347084
135,Patagonia,46756.29273931369,21,26.621679511458453,10,56.568542494923804,17.566456051106712,32.984845004941285,99.76027397260275,0.8004179545400076,0.4723909215738592,10,56.568542494923804,18.599258639845495,34.17601498127012,99.76027397260275,0.8094563431477942,0.4803506244533168,3,48.16637831516918,21.134681943475826,36.26884333129263,100.0,0.845222045519434,0.5084877628254715
136,SE Asia,183785.91492832886,10,76.48586383314252,10,110.70139743589438,41.64623777685969,78.30772334674177,70.09923398328691,0.9486419797839502,0.6755845241369063,10,209.87615395751848,71.79165430041807,164.19500601419034,38.80571030640669,0.9602796853420615,0.7734722542552683,10,157.63248396190426,57.925399109495814,124.25779653607253,48.42444289693593,0.9521212920048351,0.7329836751717157
137,Tropics,63118.52549791282,16,35.43590222793943,10,58.352939769704854,22.040636837567043,41.15187695889467,99.26545086119553,0.8522704632915438,0.5251633764098242,10,99.03534722511958,31.0991514643676,68.0,82.11752786220872,0.8769718594833686,0.5892477801873305,10,51.309375037696604,22.47355620009395,39.59797974644666,99.89868287740629,0.8601223467286035,0.5226012239715235
138,Kansas-like,146863.16906873594,11,65.19062860067329,10,113.21429786763277,35.911875687414955,64.62197768561404,81.60932055749129,0.9340221574439246,0.6413896393189159,10,178.88543819998318,56.38377954003372,132.06059215375342,50.6859756097561,0.9478805259379397,0.7277926615728607,10,121.91800523302537,43.79237799908186,91.3892772703669,63.458188153310104,0.9369377287117024,0.6789458128501494
139,Sahel,31744.81155714885,11,30.30854568011821,10,39.59797974644666,16.534811564674126,29.024938492605983,100.0,0.7924685816642737,0.4671758824634627,10,48.16637831516918,18.615731300889202,36.22154055254967,100.0,0.806273275237227,0.48640183538666176,3,48.16637831516918,20.81952405555322,34.50686451080302,100.0,0.8479793931233516,0.5128469519010521
140,Scandinavia,45481.681356244626,16,30.08038066576126,10,48.0,18.99122469008019,34.40930106817051,100.0,0.820054380711731,0.4909599083652452,10,62.609903369994115,23.401190897559786,48.33218389437829,96.09154929577464,0.8411503107921058,0.5271659678576658,5,48.16637831516918,21.62534766072354,36.87817782917155,100.0,0.8524232873826936,0.5173620421748671
141,Patagonia,138303.47927816908,24,42.82880881479207,10,76.4198926981712,28.3129502792179,51.22499389946279,94.13805064169269,0.8985256811019577,0.5775904418716025,10,112.0,36.02430315832804,76.83749084919418,76.4134582032605,0.910165011192554,0.6231902388756431,10,71.26923697025242,28.20861503275434,50.11985634456667,94.93583073187651,0.8993386685066771,0.5751311890265968
142,SE Asia,39355.26477991043,22,23.862456107704038,10,46.5928684097399,15.886094556596385,31.240998703626616,100.0,0.7733845719242213,0.4514103992509445,10,49.19575100951953,15.680240610962878,28.284271247461902,100.0,0.7735578061519248,0.44595327247766664,3,45.254833995939045,19.248383407052383,33.94112549695428,100.0,0.8201936868057927,0.48628797440320104
143,Tropics,66334.78398995286,14,38.8357507807545,10,79.6994353806851,23.3091725829206,45.4072086516871,96.76796912686927,0.8614734210822915,0.5372316604767308,10,147.18695594379278,35.39305995427088,90.64212129049733,77.3757838880849,0.8838230580280547,0.6067382886523709,10,56.568542494923804,23.128028489079238,40.0,99.78292329956585,0.8672049701673613,0.5307288925442124
144,Kansas-like,235167.5148505746,10,86.51944572534622,10,121.36081697575996,47.08211320779573,87.72684879784524,58.89553862894451,0.9588131922996319,0.7076009571550378,10,229.12005586591496,76.85341343745942,161.78998732925348,33.759521218715996,0.9678610994007598,0.7974085016028974,10,188.38258942906586,67.73060032843868,144.1970750922183,41.451305767138194,0.9613452363272622,0.7671893472761774
145,Sahel,116060.18626205753,4,96.10294568787302,10,102.2154587134451,40.16268797887491,78.60015555647068,72.29580573951435,0.9423603770082658,0.6704000500423815,10,168.04761230080004,66.15098360750491,129.55307792561317,36.67218543046358,0.9591380775592273,0.7774582559568095,10,168.04761230080004,54.621327615692245,115.16944039110375,50.31732891832229,0.9462834125959202,0.7256019215472702
146,Scandinavia,47468.25657059808,10,38.87108867311289,10,66.00072324530771,21.962167291963635,40.792156108742276,98.31593128999663,0.8504711354293492,0.5284230821268892,10,95.0789145920377,31.50415526981048,68.0,79.38699898955878,0.8756014314452863,0.600276425407421,8,48.82622246293481,23.824052350220263,40.89650001903458,100.0,0.8729957631121188,0.5400845349743052
147,Patagonia,116890.86646644089,30,35.217192014155756,10,78.11265927209092,24.799128752361533,48.05820735671463,95.98959759102108,0.8709524329341536,0.5436092163938234,10,118.18629362155326,34.20982018032892,83.23460818673925,78.89405967697782,0.8886301040985772,0.5992837401064571,10,58.41667990433999,24.477534054666243,43.266615305567875,99.15138242540378,0.8736057823393233,0.5394473097499098
148,SE Asia,223474.79706021087,9,88.90334153023936,10,142.7172718455838,48.74426517798749,92.0869154657707,55.338345864661655,0.9595652515802455,0.7159098729384468,10,257.15365056712693,89.56674474781256,195.05896544378575,29.681346222699606,0.9682721962090489,0.8184116211552478,10,207.57649192526597,75.42264120885993,161.9876538505327,37.16433941997852,0.9621799836202611,0.7844533456870421
149,Tropics,90463.63729956653,25,33.93845611844873,10,79.22324953043575,25.04310183584998,49.4552594095827,95.31388152077808,0.8697114715093569,0.547678741611505,10,107.70329614269008,31.76013349580319,69.85699678629192,82.12201591511936,0.8848830816418083,0.5906651585241732,10,52.27585047549478,23.814453987936112,40.19950248448356,99.94694960212202,0.8716240314255326,0.5356577699091483
150,Kansas-like,108192.19775986647,24,37.88064927886294,10,69.64647191844489,25.848086956352983,47.098523556325226,96.6430050280982,0.8831786570757381,0.5579538640238478,10,113.13708498984761,34.38706360358202,74.4043009509531,78.66015971606033,0.9001539044060571,0.6127863824440688,10,61.18823416311342,25.643039279726974,44.721359549995796,97.97397219757468,0.8835747555383889,0.5548093472209366
151,Sahel,195215.55688227847,24,50.883462315251705,10,117.7174142941746,34.40249713301184,64.80438315046817,84.71436767478076,0.9251707275641751,0.6234254932665564,10,188.67962264113208,47.49185954904544,102.44998779892558,60.67535447914105,0.935992772455771,0.684072668834412,10,105.60303025955268,36.466115501354174,69.9714227381436,77.19039422998115,0.9265400894351087,0.6337727474485478
152,Scandinavia,181805.95523412415,5,107.58311477003201,10,119.25611453602865,47.01527720987736,86.04650220849285,58.54667018562506,0.958942898363361,0.7122397550672604,10,192.16659439142902,78.64615755048776,156.86937240902063,30.685317146124746,0.9691075635146684,0.8102596559522836,10,187.48866632412745,70.35280471931434,148.3670793183222,39.139614674056475,0.9619256966556994,0.778143473200332
153,Patagonia,93960.26477307323,7,65.36543558630943,10,76.4198926981712,30.945564660937734,53.70337150618456,91.54160982264665,0.9182479878988244,0.6072988955538208,10,126.49110640673517,44.821401541679506,92.0869154657707,60.64120054570259,0.9370601295540992,0.6859641689093003,10,76.4198926981712,32.15045310958883,57.29940849970115,87.27830832196453,0.9199354780751229,0.6137704056392268
154,SE Asia,114569.46626445421,9,63.65584006268576,10,93.38094023943002,33.67130608333733,62.42032513553676,85.01956400223588,0.9252257850521063,0.6261623542603094,10,136.0,49.867866815938534,104.0,54.76523197316937,0.9418099159732062,0.7074054706369723,10,88.44504212585173,35.50929788203032,64.4980619863884,79.17831190609279,0.9274235581626603,0.6384501859001779
155,Tropics,98714.4897792277,25,35.45238948579739,10,63.110766673912764,24.771775279803816,44.71078256477762,98.3149708360337,0.8738093731824024,0.5474537420837404,10,110.63453348751464,34.84428286613872,77.25283166331187,76.91186001296177,0.8929787993740467,0.609758251102873,10,57.271284253105414,24.672916590905412,42.34796980210433,99.43292287751134,0.8759737101063233,0.5433987883280944
156,Kansas-like,167452.3328204181,19,52.96559608357382,10,100.0,35.115682756901634,64.4980619863884,81.20523350205329,0.9261541998621323,0.6304194837776411,10,160.64868502418562,50.11515535062959,113.70136322841516,56.565753032184126,0.9375591739756589,0.6969103099147462,10,158.64425612041552,41.53146306453123,88.09086218218096,68.40798395568713,0.9285656849923862,0.6567543284558564
157,Sahel,110214.65966851624,15,48.361428001297774,10,90.24411338142782,31.08948525282779,59.07590824071949,88.85826200493254,0.9089798230324948,0.6029234308006255,10,137.7534028617805,42.730157691544214,93.72299611087985,65.9074423328014,0.9235066385569751,0.6645842731425572,10,88.81441324469807,33.118271101665854,65.2803005273565,82.73610909618453,0.9108653648470731,0.613750910028693
158,Scandinavia,79231.66822742629,12,45.84414111569031,10,65.9439670232932,27.02340427735306,48.947581971571616,95.62146892655367,0.8910965528164615,0.5711585029464635,10,128.80993750483694,42.037037148764284,100.9554357129917,70.29862792574657,0.9120563784763355,0.6524150868744157,10,57.688820407423826,26.90483760330477,45.466754399512254,99.11218724778047,0.8949014951562118,0.565715119931112
159,Patagonia,68293.81753624084,17,35.75948848744031,10,82.46211251235322,23.45491212522297,44.684990149475624,97.30489805483946,0.8614049590474181,0.5337175087162134,10,144.9413674559475,34.045384163039564,91.3630033944888,81.69674244199672,0.8816804299909343,0.592650923473123,10,48.33218389437829,23.091469455125836,40.06987116010989,100.0,0.8658202184429616,0.5282358334325447
160,SE Asia,140260.89038344493,36,35.21616897187028,10,75.8946638440411,26.121695706894563,47.43326470550989,96.60166495609533,0.8826034866059623,0.5550605433486889,10,91.21403400793103,33.3885045706853,69.9714227381436,79.92929638499258,0.8974144705935441,0.6022945373771176,10,75.8946638440411,26.18840996460307,46.546600641101605,97.66221918120652,0.8847461268120237,0.5544074525794338
161,Tropics,27717.742408225058,21,20.4971907845624,10,36.87817782917155,13.156920854075233,24.660003218675453,100.0,0.7312462580279218,0.42104142634090125,10,31.384013079512993,13.069386806995304,23.323807579381203,100.0,0.7311947417217727,0.41451289124271007,0,48.16637831516918,17.823132744845267,32.984845004941285,100.0,0.8013525585678952,0.48002003810432525
162,Kansas-like,118879.95517987081,6,79.41522209547195,10,94.40338976964757,37.00382695025438,67.8154721490287,77.94513179128563,0.9372529331273951,0.6515793596196264,10,175.31685600648902,65.61886172126617,144.89996352163587,40.8687466379774,0.9550996665397095,0.7635429592794205,10,131.0267148332736,48.827811289063725,103.76897416858277,56.993006993006986,0.9411366133068291,0.7013228818592442
163,Sahel,53260.274290126974,12,37.58686810510619,10,69.13387265665985,22.961941059241454,44.29473454060973,97.77844491143802,0.8559562981474188,0.5327787277932466,10,104.6900186264192,32.87494704506431,76.10519036176179,79.55568898228759,0.880991672034195,0.5972078305969454,10,52.0,22.801236989554077,40.0,99.9099369558691,0.8632369019024063,0.5274367793743931
164,Scandinavia,40332.448864426755,25,22.66117137974049,10,37.94733192202055,15.037285327730471,26.832815729997478,100.0,0.7655801330437413,0.4430976655666857,10,34.40930106817051,14.820638701907292,25.48398419180683,100.0,0.7646210627739279,0.4380685833741109,3,42.5205832509386,18.096089354019213,32.0,100.0,0.8089695177499695,0.47403721843497554
165,Patagonia,205609.6892367767,17,62.04722906039492,10,112.92475370794483,40.83836097173222,78.89233169326408,70.457373988799,0.9425039328054714,0.6682653209228083,10,228.98034850178738,67.28958191307711,157.83535725559088,42.618232731798386,0.952799427979245,0.755741475773184,10,180.3995565404749,57.65114422496321,133.5065541462291,50.995644057249535,0.9454066252466837,0.7232121447626421
166,SE Asia,173406.65794072917,33,40.897897090720726,10,86.57839762490278,28.915532083118944,56.142675390472796,91.25461254612546,0.8970700230509151,0.5800968409620404,10,124.45079348883236,35.27891153970654,73.7563556583431,77.02952029520294,0.9071300164421935,0.6187377435774005,10,84.09518416651456,29.684862386994062,57.271284253105414,89.02214022140221,0.898651293645615,0.5839345071331743
167,Tropics,213351.32867385156,31,46.80496153302078,10,90.6270302323395,33.64603729652457,60.13318551349163,84.93510390877034,0.9229270268892252,0.6168543394351547,10,116.0,42.07775399151317,82.46211251235322,64.7235351489234,0.9323909511699345,0.6633030445404016,10,97.32653184799352,34.9550533429168,63.245553203367585,80.51616775452021,0.9240228761651821,0.6235536252672619
168,Kansas-like,61445.2468281422,9,46.61739008424606,10,64.64188684528253,24.848292725931913,47.222174569179764,96.72301690507152,0.8754343013990132,0.5529303639286682,10,113.13708498984761,36.03853053980744,80.09993757800315,74.46033810143044,0.8974409339303626,0.6208984889809981,10,54.06873696131606,24.562133778504958,41.45498822457371,99.73992197659298,0.880955050223683,0.545597295118366
169,Sahel,135240.15058119333,23,43.26273471173765,10,93.19730394460545,29.041622142589862,52.0,93.72043519394512,0.9017491679610572,0.5838436711916569,10,111.21151019566275,38.085741332117834,76.83749084919418,71.8070009460738,0.9167985622243915,0.6390597131723734,10,71.21797525905943,28.615849737313773,48.82622246293481,95.65988647114474,0.9028510121116401,0.5799777882364625
170,Scandinavia,30651.105270337917,35,16.69606440367537,10,33.94112549695428,11.814166704107985,20.396078054371138,100.0,0.7018845935787827,0.3954048396699785,9,24.331050121192877,12.020054985521437,20.396078054371138,100.0,0.7076981275650557,0.39586461775752124,0,43.08131845707603,15.458495170679887,31.240998703626616,100.0,0.7598777801216864,0.4389947146678451
171,Patagonia,213198.24867093598,15,67.26222826571099,10,142.88083520895324,43.69152677873034,85.5102333057278,66.47919010123734,0.9486553593226512,0.6824015345988036,10,243.50770008359078,65.75931304229228,138.73137250931777,39.96250468691414,0.9577820650763019,0.7616407715200928,10,205.60155641434235,59.031122894150876,125.53883861180172,46.734158230221226,0.9513953196661958,0.7352663149838194
172,SE Asia,63964.07042118203,4,71.3449297000467,10,63.245553203367585,27.947314082960773,49.73606497649475,95.12378094523632,0.9017343828175259,0.5889737600402989,10,124.1933975700802,46.69808202266708,98.42756313717442,57.86446611652914,0.9270855496055157,0.6959913712802887,10,85.5102333057278,29.14016848920559,56.0,91.42285571392848,0.9032075852241926,0.5928860809350531
173,Tropics,224147.0139374704,5,119.45560723119928,10,169.53856359724688,52.876958171230925,100.71742649611338,48.90854615494364,0.9674186798543986,0.7374344804295853,10,264.8773300982929,97.53497714861574,211.5693670753701,24.789556284776715,0.9758922822113195,0.8382018482773367,10,230.26940743398808,78.26306099910667,164.43843832875572,32.78641746326152,0.9697480517341771,0.8007835653184463
174,Kansas-like,135100.9021002916,37,34.09206643498354,10,71.55417527999327,24.19071669386743,43.2235996543442,98.23647768966741,0.8707739717194057,0.5374126070774764,10,92.0869154657707,28.910249660386928,60.13318551349163,88.93360160965796,0.8831271363778941,0.5701536500735882,10,57.886331991066584,24.217649179652675,42.5205832509386,99.27802106758196,0.8727946312477892,0.5363090757703037
175,Sahel,211172.06959771932,26,50.84598064397918,10,94.60828218034389,35.14602142585066,62.48199740725323,82.06760648779749,0.9289301712072237,0.6278689093440512,10,154.50566332662373,49.2998462722502,101.9803902718557,56.79096559041989,0.9387724293098298,0.6931772545632446,10,109.2520022699813,39.60137334694821,80.49844718999243,71.0171289980294,0.9306999144473616,0.6483116947138408
176,Scandinavia,84141.63873196894,38,26.54842420147255,10,62.0966987850401,19.422332143590385,35.77708763999664,99.6,0.821992264705513,0.488597089223999,10,63.245553203367585,21.664332070706624,42.5205832509386,98.43809523809523,0.8339261093583004,0.5068602717125432,7,46.8187996428785,20.758307216381684,36.22154055254967,100.0,0.8385146715438624,0.4994225722743663
177,Patagonia,124462.41977935552,36,33.17362518047442,10,65.11528238439882,23.154174731062877,43.08131845707603,98.21244855967079,0.8610420142978241,0.5297766956367256,10,89.88882021697692,27.2953707816794,56.568542494923804,90.83076131687243,0.8723072692928585,0.5596745567907826,10,53.36665625650534,23.076634711343377,40.19950248448356,99.79423868312757,0.8640573659817588,0.5248518541170827
178,SE Asia,64525.65752060666,13,39.74839590504886,10,70.86376543983614,23.691856571157402,44.454514179205084,97.62140733399404,0.867367067914706,0.540060053825767,10,116.27553482998907,37.80124596749758,85.5102333057278,70.66402378592666,0.8929220538134384,0.6255341826354668,10,50.461401574940304,23.835140836870064,41.182520563948,99.95044598612488,0.8732783477942053,0.5360261482014566
179,Tropics,261592.9046339798,21,62.969231980513165,10,116.13125125571771,40.63548606853196,75.8946638440411,72.18486367526592,0.9460753558367254,0.6690960251975426,10,171.81385275931623,54.13054579357301,109.17875251164945,48.66731874312263,0.9546456952636093,0.7295748496155019,10,171.81385275931623,51.19269730197767,109.17875251164945,55.16566817459348,0.9485873489971057,0.7101590875696782
180,Kansas-like,85525.76559791669,13,45.76167082181534,10,69.85699678629192,26.66049613216727,48.33218389437829,96.10996820647092,0.8908890149226577,0.5663150557600868,10,111.42710621747295,36.98506384146579,80.0,73.05030858425286,0.9093519255475802,0.6292388640343314,10,60.530983801686226,26.321694084626166,44.721359549995796,98.37291939405274,0.8924142228192792,0.5611288957806085
181,Sahel,75128.47908936624,21,33.745643548180134,10,64.92495631905268,22.155971192838127,42.5205832509386,97.91666666666666,0.852133500913363,0.521760522328104,10,110.63453348751464,28.15761899432359,64.62197768561404,89.6045918367347,0.8694546626134573,0.5620885435664803,10,48.82622246293481,22.048500570878527,37.94733192202055,100.0,0.8568766606645958,0.5170147754109913
182,Scandinavia,113609.10844679676,5,85.04457934417903,10,90.37915387176433,37.074684834136825,69.63400545561666,77.61971830985915,0.9363685211679081,0.652877891968358,10,150.57224179774968,60.77520732477115,121.06196760337245,41.732394366197184,0.954157165894717,0.7591276504287806,10,125.02799686470227,49.72951394577411,100.07996802557443,53.53521126760563,0.940579079624527,0.7100914632217464
183,Patagonia,156599.70409161277,35,37.73866300372927,10,79.6994353806851,26.77968662038764,51.22499389946279,94.28600633752427,0.8850882815863556,0.5591547178948106,10,101.9803902718557,32.34947345790445,65.11528238439882,80.99764898292958,0.8964807393621981,0.5955403750189903,10,69.85699678629192,26.285297228120886,46.9732870355371,97.01523050189104,0.8856724686006281,0.5551216490599723
184,SE Asia,75418.12885059555,4,77.46989094259061,10,79.7854111920224,31.393784582309937,58.908445761785444,88.67684478371501,0.9167243835251234,0.6115745963482939,10,137.7534028617805,57.595700579668105,116.8930535356703,47.03138252756573,0.9402451696921117,0.7379758450715035,10,107.70329614269008,39.272187147984276,85.0411665018772,70.25021204410518,0.9206096689393746,0.653153351991115
185,Tropics,68094.72474405206,16,36.80626991678504,10,64.0,22.06216615298794,39.36526957391818,99.06103286384976,0.8556704359496645,0.5214384192951256,10,94.40338976964757,28.007035635060436,64.0,89.85915492957747,0.8731153816554926,0.5622005088925457,9,45.60701700396552,22.347708020965204,36.87817782917155,100.0,0.8636568244118412,0.5218726885497061
186,Kansas-like,106612.80497876821,23,38.41190362291265,10,72.91426390833915,27.041181631145314,53.36665625650534,93.11740890688259,0.8841448376397963,0.5667413264935313,10,152.0526224699857,46.00202230281398,120.06664815842908,64.37246963562752,0.9040077746820899,0.6559100198404278,10,69.85699678629192,27.07835905612652,49.47726750741192,95.30664267506373,0.88692956965539,0.5642756216140341
187,Sahel,158268.91403609837,29,41.679632011274556,10,73.7563556583431,28.647284183548653,51.269980341200764,94.02020202020202,0.9000014953721566,0.5785155329177879,10,124.25779653607253,36.96523104992295,73.53910524340094,73.93939393939394,0.9141403244122818,0.6288153459453281,10,68.81860213634101,28.679013693684695,50.59644256269407,94.4949494949495,0.9006465742496651,0.5781437378689557
188,Scandinavia,75137.84345775061,37,25.4245669654755,10,57.555867065560314,19.12828536064577,35.97432709881766,99.7236394557823,0.8169990634338102,0.48559357222242233,10,72.99315036357864,21.099740265814415,43.266310931098104,98.08673469387756,0.8262780710266169,0.5011646236968994,7,48.33218389437829,20.32940180683671,36.24499831554859,100.0,0.832815139330925,0.49524998263360215
189,Patagonia,78396.28194297483,7,59.70679739060667,10,68.19114031476687,28.50039988541501,51.22245681188826,93.9437194127243,0.9031285970379892,0.5900969391357662,10,135.35139452550905,46.03648709287825,100.06797282173822,60.29771615008157,0.9253015828817505,0.6837099475513033,10,64.98390881366826,28.097977437809725,48.0,96.83931484502448,0.9047693378308305,0.5838680977950723
190,SE Asia,140653.12106572234,15,54.6328832345655,10,93.93415745432482,34.31059206949741,61.05735008989499,84.43154660293615,0.9270194961705599,0.6258673795210374,10,168.04761230080004,51.13214146689762,121.06196760337245,56.7542961192671,0.9394004549137381,0.6985799062131219,10,100.9554357129917,34.94386224003444,62.22539674441618,82.6448162057585,0.9277088382392527,0.6288983950066104
191,Tropics,193238.2057427032,10,78.42807614389109,10,115.44695751729449,42.94546711164661,76.94153624668537,65.3362040410732,0.9523105370949158,0.6843054860405036,10,213.80364823828427,66.15155513004166,142.772546380598,38.41503809208347,0.962123664739897,0.7661903927529575,10,200.3596765818911,58.94640507679984,132.4235628579748,47.0520039748261,0.9549109058421779,0.7343206649881564
192,Kansas-like,91948.66619854796,25,34.21588489132564,10,62.48199740725323,23.134427389485044,43.479317139924284,98.06922943120543,0.8597439791394511,0.5317206890541325,10,105.67875850898325,29.975994656287728,71.21797525905943,85.4931292398678,0.8752658440935728,0.576716676184708,10,51.92399301121254,23.008795534972325,40.19950248448356,99.9304226822056,0.8633697644546283,0.5271956530074428
193,Sahel,31435.247592950884,33,17.413117733367145,10,32.2490309931942,11.982775141737536,20.396078054371138,100.0,0.7082721152844075,0.3975147890333062,10,25.612496949731394,12.089767160845422,20.703546011927365,100.0,0.7105634900231952,0.397699938329789,0,37.94733192202055,15.90522827169151,31.84819974072529,100.0,0.7696918366895412,0.4443298547729862
194,Scandinavia,155339.81485499546,15,57.41439934737901,10,94.9779538347486,34.61376052839864,63.23288401377304,84.64230571281523,0.9283736002524107,0.631524956503409,10,143.38758663147937,51.03653538585447,107.65128350641974,53.44312918167782,0.9420736035625813,0.7102427719620495,10,143.38758663147937,42.92188826667443,92.0869154657707,65.8157488419969,0.931609794084959,0.6689409048536663
195,Patagonia,106923.92146133188,23,38.46790942132163,10,69.3647904274041,25.53039959017433,48.33218389437829,95.83894626552912,0.8789257299983692,0.5533895771299723,10,113.20777358467925,33.99344652745517,78.89233169326408,79.07498877413562,0.8942096878385132,0.603692599072543,10,54.272765773469985,24.8294532958518,42.98453371724403,99.62580452028139,0.8804303860205976,0.5458596062022437
196,SE Asia,60429.36358822969,33,24.14304834129171,10,45.52004882446729,16.27341879373386,28.284271247461902,100.0,0.7871761825047532,0.45514591160911333,10,53.10034921543763,17.776381416367762,34.17601498127012,99.94700582935877,0.7977715002665953,0.46782611969137244,2,47.79126760923554,19.732215080678696,36.22154055254967,100.0,0.8265819173271063,0.48963190659771433
197,Tropics,68264.06994774465,25,29.481606696724604,10,52.30040863496963,19.55043979031409,35.77708763999664,99.88265665336775,0.8272707106889625,0.49516704977454234,10,57.271284253105414,20.8011361410447,40.792156108742276,99.10819056559494,0.832619539687389,0.5061194041373219,7,49.47726750741192,21.165075144576722,37.73592452822641,100.0,0.8446374257705973,0.5079119194016836
198,Kansas-like,200545.63263798205,20,56.49586599905004,10,120.06664815842908,37.86905375240472,72.11102550927978,78.26642190118925,0.9365355279794294,0.6470796422862929,10,120.06664815842908,48.15571044009561,89.44271909999159,53.571713624391414,0.947167815561144,0.7031070699773904,10,120.06664815842908,43.309692207729626,84.38009243891595,62.6626227153005,0.9393757332386303,0.6751876066497154
199,Sahel,178664.34660509712,22,50.84317592226378,10,107.70329614269008,34.495424875518225,62.2114122912236,84.05407825230549,0.9252599793883374,0.6267902245755571,10,181.24017214734707,54.51422108310067,134.16407864998737,54.92882084340586,0.9371479069705857,0.7060990028113158,10,110.92339699089638,38.2407148990199,76.4198926981712,72.98773390634793,0.9271537981876753,0.646323702097051
200,Scandinavia,54047.01386763171,7,49.57490556547393,10,69.85699678629192,25.44247611174491,49.480750727636064,95.11978704525288,0.8769957426409712,0.5587359733326964,10,112.92475370794483,39.822959057336845,92.0869154657707,68.76663708961846,0.9027624396201409,0.644480956573881,10,52.15361924162119,24.677442462861315,42.5205832509386,99.85211475894705,0.8818712936748482,0.5481520348607084
201,Patagonia,48506.24888914479,23,25.909557211918255,10,47.033893587615985,17.58373344532685,32.2490309931942,100.0,0.8010896133029064,0.4726468418128695,10,53.36665625650534,18.703257856118473,36.0,99.86807387862797,0.8077786984135578,0.48153441743349734,4,49.47726750741192,20.702650118706075,36.22154055254967,100.0,0.8381304877232928,0.5021894935111669
202,SE Asia,44239.26792879918,28,22.425906845233296,10,43.266615305567875,15.075505763113837,26.832815729997478,100.0,0.7654477233070164,0.4397766400583033,10,43.266615305567875,15.633167023795561,28.284271247461902,100.0,0.770153700797064,0.44362748139842273,1,45.60701700396552,19.51493811645902,34.40930106817051,100.0,0.8203149231224852,0.48713913854296725
203,Tropics,47563.510376518185,11,37.099296212941155,10,59.464274989274024,20.053203958370403,37.3340596965218,99.19246298788694,0.8349622337785374,0.5071567718273976,10,80.39900496896712,25.35420445818141,52.61178575186362,93.40511440107672,0.855720471993981,0.5496305008428902,8,48.82622246293481,21.734628281928803,37.37382707213247,100.0,0.8567608769931908,0.5159626145402649
204,Kansas-like,204808.65988776457,4,127.66422875881192,10,182.3199628313643,54.61927841177311,109.55491063801504,49.19903102289599,0.9676046653786776,0.7435750783079736,10,295.51311307622206,98.22531669458708,203.96862443496906,22.55997499413925,0.9769851435519838,0.8478827063013129,10,259.26048676958084,83.4826739693923,172.74258305351347,31.405798233961086,0.970070872072294,0.8116925812923989
205,Sahel,50604.6193878614,10,40.134711457445675,10,60.812194580470496,22.33466207965466,42.03136345339626,98.76855067887591,0.8550988409170366,0.5294029291503635,10,92.0869154657707,34.18247124585687,75.8946638440411,74.70792548152826,0.8833163779197196,0.607058265719046,8,46.647615158762406,23.128015438318258,37.94733192202055,100.0,0.8717319058672969,0.5322261057515565
206,Scandinavia,110539.58384125156,9,62.526298779271336,10,89.65862734882333,33.91635367484279,63.17140341298263,85.03263234227701,0.9254958105447656,0.6273299433152648,10,154.50566332662373,56.91471204860576,120.69787471620957,47.222625090645394,0.9446957717128451,0.73290027349225,10,96.66436778875658,35.09623198736051,65.96969000988257,81.36330674401741,0.9266117976739455,0.6318339307089047
207,Patagonia,46219.86309647481,12,35.014567636996084,10,62.48199740725323,19.633165851609135,37.94733192202055,99.27310488058151,0.8273106976581837,0.5038009109654031,10,69.05070600652827,23.442243052870744,48.662100242385755,95.77708549671166,0.8453573699945677,0.5373268918140298,6,49.78174587358526,23.109921224000733,40.0,100.0,0.8661568464699705,0.5297064033607815
208,SE Asia,67256.64106460809,6,59.73337113425999,10,70.74189912617102,27.80370509389513,51.0119375530519,94.38095238095238,0.8979475858548635,0.5834999351561178,10,111.57060544785082,44.618165229245285,88.81441324469807,59.333333333333336,0.9254065784076128,0.6847770728636086,10,77.25283166331187,28.251958554093566,51.22499389946279,94.16666666666667,0.9000291613551801,0.5845896243778901
209,Tropics,182106.94210651302,36,40.127034394671824,10,91.21403400793103,29.67493415006796,56.568542494923804,90.85799596030562,0.9020871594756528,0.5854927189044251,10,104.9952379872535,36.70031769124729,73.43023900274328,74.17230174760692,0.9139737195980475,0.6291715723009941,10,68.90284299543224,29.486630372087625,52.15361924162119,92.80758759989462,0.9035487639120426,0.583182596181308
210,Kansas-like,273954.4894256781,37,48.54711346350618,10,101.9803902718557,34.35370769114955,60.1258725592601,84.4881981771442,0.9270706698122203,0.6224956394541039,10,124.96399481450646,41.4079784568711,82.365041127896,67.60925449871465,0.9341959319069397,0.6595063144092608,10,123.2233744059949,37.27303119551983,73.53910524340094,76.60668380462725,0.9281469690406503,0.6352581700193233
211,Sahel,44151.8864993282,14,31.683684361874874,10,55.77802610277827,19.298059022715627,36.29683450419927,99.60101559666305,0.8226275801754824,0.49049742594778284,10,64.4980619863884,21.297773535468203,40.19950248448356,98.94813202756619,0.8335066500910471,0.5070769497913884,4,49.47726750741192,23.015313070322883,40.19950248448356,100.0,0.8627978728201935,0.5301863956286047
212,Scandinavia,104555.30237292788,11,55.0049472140614,10,81.20406367760816,31.74865782952341,58.240879114244144,88.82092063006576,0.9167793670421148,0.6098807816896784,10,147.07821048680188,50.68912915054942,115.44695751729449,56.88943263495947,0.9345924815462024,0.6991246833244316,10,79.6994353806851,32.74737303571685,59.464274989274024,85.82352041596575,0.9182486230877774,0.6139536315590164
213,Patagonia,191113.77109647685,18,58.13461520274138,10,98.79271228182775,37.13354553049737,70.74012186062843,79.2308981233244,0.9355157289277697,0.6442837087016311,10,141.53444810363305,50.8308433456247,104.6900186264192,53.35958445040214,0.947039173193605,0.7097899898736236,10,136.23509092741122,43.76281573759931,95.0789145920377,66.1695710455764,0.9378568845208035,0.671252242077509
214,SE Asia,48124.19105624832,31,22.229307723466363,10,45.60701700396552,16.264408678667298,29.92400235416792,100.0,0.7810541640501186,0.4576489350949323,10,64.4980619863884,18.918767257933865,43.266615305567875,97.5779694757797,0.7938371720035553,0.48095399674759176,6,48.49043341674475,18.613344285826763,33.94112549695428,100.0,0.8093307315827151,0.47567873334915034
215,Tropics,56905.87200169204,23,28.063361260181864,10,52.22488001643205,19.748830585467708,36.87817782917155,99.91565926342425,0.8254549827305618,0.4982552466886982,10,77.6659513557904,24.700023636465904,53.81449618829484,93.16840033736294,0.8445387753985549,0.5366913863947534,8,46.8187996428785,21.199283257596544,36.87817782917155,100.0,0.8432746042515394,0.5063580840258
216,Kansas-like,46847.75999743277,30,22.295070570829754,10,43.08131845707603,16.463207640255327,30.03743730221362,100.0,0.7825539784004883,0.4568467924193234,10,48.662100242385755,16.98830645012525,32.2490309931942,100.0,0.7859718705784039,0.4592013406603434,4,48.79928126300714,19.83985264727148,37.94733192202055,100.0,0.8194610838641294,0.4888751941169788
217,Sahel,136481.81433503897,28,39.38976969574329,10,79.2923256162067,27.547805047732815,52.0,94.02950128775463,0.8919879624212672,0.568022929623127,10,135.88230201170424,34.95793309322098,77.25283166331187,80.41442285179114,0.9054679386735305,0.611836168223483,10,62.48199740725323,26.84328112486856,45.53669301244359,98.41957387028799,0.8936922192066368,0.5615111840636934
218,Scandinavia,120141.93682920188,32,34.56984155210444,10,69.29299423739457,24.949915560411423,45.84633364498886,96.96445213686593,0.8740791451032465,0.5464981946118371,10,100.31948963187563,30.643541440239446,63.245553203367585,84.86220210358142,0.8875866303228042,0.5838105259930939,10,60.92618484691127,24.781480323008736,43.266615305567875,99.05471974437492,0.8762414501072843,0.543010708839348
219,Patagonia,41002.4147014134,24,23.31976446856783,10,43.266615305567875,16.31408795574003,30.91687176488438,100.0,0.782797601914113,0.4591046448992504,10,42.8542676483875,16.42807394671591,29.120439557122072,100.0,0.7848639686251457,0.45737393326966536,4,45.23510470481967,19.398230670550497,35.77708763999664,100.0,0.8214962312714569,0.49035963148612977
220,SE Asia,102745.46675666152,4,90.42247761095327,10,104.34523532930157,37.72511342678712,70.84164622660847,77.07620528771383,0.9380150422168989,0.6562216985032012,10,192.33304448274092,74.13955344017901,155.90763153894147,37.04510108864697,0.9550592787607702,0.7806756639185523,10,112.10028775136344,43.536187543437904,84.38009243891595,62.64385692068429,0.9407681260980009,0.683471009968583
221,Tropics,114835.29408618332,32,33.79774834884305,10,84.38009243891595,24.55001779749143,46.647615158762406,96.90764730463853,0.8687794192121382,0.5410429072967257,10,98.0612053770501,30.506711121628356,64.4980619863884,85.05362863908623,0.8833352437899027,0.5814547728451613,10,59.464274989274024,24.181430600992094,43.08131845707603,99.26173561777406,0.8706162849710882,0.5374581833775401
222,Kansas-like,81198.18340252065,13,44.588877983008366,10,73.53910524340094,26.43605209137523,51.7814870476388,93.89162561576356,0.8844970116616682,0.5640733869645583,10,119.33147112141039,38.735745796904126,82.69386121466917,69.24137931034483,0.9078892313205057,0.6400666840484173,10,60.530983801686226,25.964860028403272,45.141107779441604,98.26600985221675,0.8879728245604708,0.5580807518547548
223,Sahel,58929.65663517676,25,27.39189098721954,10,60.13318551349163,18.27993102254657,32.35384628788019,99.64769647696477,0.8117409217319385,0.47641670529527524,10,60.13318551349163,20.532968783755724,39.59797974644666,99.64769647696477,0.8268986335004203,0.4962022703943325,3,46.8187996428785,22.093551812672324,39.395431207184416,100.0,0.8528393277678881,0.5139918554859543
224,Scandinavia,94373.96717919315,18,40.85214991726042,10,65.96969000988257,24.387087342422397,44.4801448992471,97.86440677966101,0.8757336737779539,0.5473793789032887,10,104.9952379872535,32.08857559853627,69.86271808388452,83.6779661016949,0.8939907002977441,0.5993977750702585,10,55.569775957799216,23.980523950468573,40.19950248448356,99.66101694915255,0.8774276418639324,0.5407134556825227
225,Patagonia,202167.77588034584,24,51.7815933072518,10,100.31948963187563,33.16321460970426,59.683560057549016,87.67123287671232,0.9243371151769224,0.6166161262856794,10,140.91131963046828,43.92559979121981,96.74709297958259,66.0464011402328,0.9349463457086877,0.6707334225281522,10,101.27191120937731,35.14427059359707,66.57326790837296,80.70314355847653,0.9258593340350438,0.6263703281985813
226,SE Asia,78483.43455887769,29,29.350470313889844,10,69.02680549363942,21.899138284109128,42.22254677444401,97.43380855397149,0.8437156131980236,0.514627948241439,10,124.96399481450646,30.08889291220833,79.05932698306022,84.66395112016293,0.8622374293994735,0.5628702872914687,10,49.237328689421,21.307030053197757,37.73592452822641,100.0,0.8452837074887057,0.5089927374199176
227,Tropics,55653.177217076234,23,27.752756624330107,10,52.0,18.80758601132133,33.94112549695428,99.94241289951051,0.8185442988482801,0.48672764525487044,10,62.48199740725323,22.25510005360011,45.60701700396552,97.2646127267492,0.8354089191438178,0.5157146917390049,6,48.82622246293481,21.48581125168615,37.94733192202055,100.0,0.8477683744256637,0.5088262732319125
228,Kansas-like,56414.435419928406,8,47.37783305201946,10,64.8908244807958,25.58381915835636,46.414788407969915,97.19069239500567,0.8815748219631103,0.5602273540967775,10,98.79271228182775,38.561056005047554,78.79086241436883,68.78547105561861,0.9064722763887851,0.64474505321662,10,62.609903369994115,25.31583784216518,44.58060925791835,98.01362088535754,0.8827298444926563,0.5540165805205427
229,Sahel,35089.496019186794,34,18.12483954015295,10,33.60790688385422,12.41855877593749,22.627416997969522,100.0,0.7152358533224454,0.40518347583666137,10,30.463092423455635,12.309927249457745,21.540659228538015,100.0,0.7142847364693744,0.40204621461854,0,40.792156108742276,16.183373005357474,32.0,100.0,0.7717614090372098,0.4491852118641308
230,Scandinavia,91497.70354180917,18,40.22480136023842,10,68.33620559779114,25.274781567251086,44.0,98.16561844863732,0.8814626073134135,0.5543324193362245,10,131.5750736271882,35.948365704975146,84.09518416651456,77.84765897973445,0.9002368492738207,0.6189244318153326,10,53.4891461643991,25.559796949078237,43.47912271328801,99.59818308874912,0.8853324965500492,0.5533576543220594
231,Patagonia,49802.641006699145,36,20.984566412335965,10,52.15361924162119,14.794313361948705,26.832815729997478,99.96787664632187,0.7579280596799388,0.43744103561266356,10,37.73592452822641,14.68792249876851,25.612496949731394,100.0,0.7579206765649911,0.4350827619457586,2,44.721359549995796,17.662149064639653,32.2490309931942,100.0,0.7975236206668815,0.4683578341262318
232,SE Asia,73758.04593385832,28,28.956812180472962,10,50.43585280720819,19.55783787759087,35.77708763999664,99.91317560234427,0.826740611352825,0.4952713364801762,10,69.9714227381436,22.892199756678213,48.16637831516918,95.81072281311049,0.8410829523743608,0.5215127762783849,5,48.82622246293481,21.684950987800207,37.73592452822641,100.0,0.8501823156153079,0.5142632015919995
233,Tropics,83570.39893401759,38,26.458151750015944,10,62.118084208298555,19.742028614368,37.787820810712795,99.44561269355763,0.8210610561128627,0.4927149957012736,10,60.60640116671805,20.673356773889164,40.19950248448356,98.94857579812654,0.8257190446700624,0.49995990139028607,10,48.662100242385755,19.71390466508079,35.393115844520786,100.0,0.8258896154374381,0.48833625140993914
234,Kansas-like,136336.90812236187,27,40.091278125593156,10,68.11754546370561,26.351995193135792,46.8187996428785,96.82986967241986,0.8876000649568035,0.5603935883726507,10,116.61903789690601,33.69824327986553,76.4198926981712,81.28448984384173,0.9002148797095029,0.6043472768471776,10,62.609903369994115,25.970992885009377,44.181444068749045,98.79065398614536,0.8887699534298084,0.5564168342685895
235,Sahel,257210.61038157085,14,76.47253480630488,10,114.79785648425282,45.04308808839104,80.63145429945348,61.23096052222567,0.9564859591122798,0.6966860286200597,10,221.7746604100658,69.58708645174205,147.16520685239453,37.79297482126204,0.9645694162655442,0.7756274211458314,10,198.59506539690256,64.19056193199732,139.54210834009928,43.997513211066206,0.9590147664798304,0.7526899939463499
236,Scandinavia,57824.03383600059,18,31.977389259205054,10,57.271284253105414,20.46090260295591,38.51507622524601,99.36428966279712,0.83414629907717,0.5082968275099065,10,65.96969000988257,22.95690924638466,48.0,96.489773355445,0.8445182121896728,0.5284377370697184,7,48.82622246293481,22.28231754984653,39.395431207184416,100.0,0.8557299711436527,0.5211376963434505
237,Patagonia,36360.26560874907,38,17.4520636749364,10,35.90534875843065,12.604019583889325,23.95848285979822,100.0,0.7154983619718085,0.40870754092786443,10,28.284271247461902,12.479050451834265,22.399494635250957,100.0,0.7151785055879969,0.40267275937136743,1,49.47726750741192,16.12113228009212,34.17601498127012,100.0,0.763786719034873,0.44790547731133684
238,SE Asia,51052.970009839315,31,22.895742013757275,10,42.5205832509386,15.4678718258247,28.844410203711913,100.0,0.7698673011747159,0.4474848332805473,10,36.87817782917155,15.336947424431326,26.832815729997478,100.0,0.7703164842703119,0.4428835061275789,2,49.66348060084728,18.504492534773814,34.17601498127012,100.0,0.8094848601689026,0.4792189279868833
239,Tropics,138733.94047747273,20,46.98956522634208,10,112.21698635423698,30.51727331325679,57.525025394971316,89.5665206363846,0.906432349177257,0.5964874763248594,10,174.9514218290323,46.201917638773175,103.22790320451152,61.217431404196454,0.9231767388478049,0.675137107098838,10,85.88364221433555,30.5815618533422,56.14481892817731,89.68180770117593,0.9076416517925426,0.5959607827220995
240,Kansas-like,94340.51201361128,19,39.75551444144384,10,72.11102550927978,25.83693654591324,50.343695349146415,94.84571041030858,0.8792903715689967,0.5590933085446863,10,109.83624174196785,35.04204492568385,78.80608280620308,76.44964394710071,0.896441030212526,0.6154261735593008,10,60.0,25.09516966022097,44.51283792762102,98.4401492031197,0.8805676148147453,0.5498101153598343
241,Sahel,197440.63833268828,21,54.705839818734155,10,93.72299611087985,36.23141319505486,66.77808935405662,79.71461002107995,0.9316899063067189,0.6394141723335627,10,150.62536307010186,50.10996095566545,107.70329614269008,55.39160045402951,0.9417306229300745,0.7027932221304971,10,150.30635382444748,44.11111460034773,93.637599285757,64.2289605967245,0.9342627740898227,0.6728388138373241
242,Scandinavia,78389.04017760481,21,34.470143365907106,10,73.84573005232184,24.338494426662372,46.8187996428785,96.65374413385024,0.8667514251522281,0.5444699039562841,10,116.61903789690601,37.26059920729252,86.16263691415206,71.82207712711691,0.8902809302795283,0.6237967049320573,10,53.93566192277099,24.32201756462197,43.08131845707603,99.65313201387472,0.8713734575038266,0.5396440737718989
243,Patagonia,65624.99531353763,31,25.958456132992865,10,52.15361924162119,18.728243734409975,35.77708763999664,99.95124329595319,0.8142659766157808,0.48136218382562307,10,56.568542494923804,19.730549608186408,36.87817782917155,99.75621647976597,0.8211125993204857,0.4885315625503797,4,48.33218389437829,21.291460309692965,37.73592452822641,100.0,0.8436496922487726,0.5061913884139505
244,SE Asia,64910.606734623194,35,24.296788642486835,10,52.15361924162119,17.682999483393314,33.348270817211564,99.82771351218311,0.7992556101834103,0.47036343105063083,10,52.15361924162119,18.300530275416044,34.40930106817051,99.82771351218311,0.8037840919265512,0.4751445130671254,6,48.33218389437829,19.795899240785204,36.313912816405235,100.0,0.8236938235649486,0.488329478986103
245,Tropics,57738.16010166565,24,27.672660372666464,10,52.15361924162119,18.09162361652652,32.0,99.91694352159467,0.8114495714230587,0.47609585703205703,10,66.57326790837296,21.34596296266023,43.266615305567875,98.28349944629015,0.8286727075146457,0.5026642952378582,4,49.7749816675004,21.34856846908264,37.73592452822641,100.0,0.8465181675938741,0.5064232306702251
246,Kansas-like,42147.560903835554,27,22.290992462680293,10,47.01403109652273,15.545097679024485,28.68404097187102,100.0,0.7706751082310875,0.44798732388488827,10,37.82016645872371,15.517237938578631,27.831352459293594,100.0,0.772275356437718,0.4455219950190406,1,49.244473166834105,20.37832495259532,39.324461227062145,100.0,0.8260907292577437,0.49795906518262006
247,Sahel,114559.44112552193,38,30.977667110841217,10,56.891560394776285,21.873231002814606,38.671139986570736,99.58077138065958,0.8515210696196993,0.516168909244166,10,90.24411338142782,27.17559079506609,62.48199740725323,89.26774734488541,0.864888685209689,0.5512734596780564,10,52.15361924162119,21.750397002295088,36.87817782917155,99.95807713806596,0.853370897448245,0.5133323273941155
248,Scandinavia,186788.0528930581,16,60.95925066021625,10,114.57856066522442,40.8548732043775,79.6994353806851,70.48337332876243,0.9413970682406512,0.6651938462869477,10,181.10770276274835,59.99805280900246,124.57929201917949,43.94926294137812,0.952256513133737,0.7421010042532822,10,181.10770276274835,47.4910361471142,101.27191120937731,61.04730887898526,0.9429212399617488,0.6868247723346435
249,Patagonia,78823.49098077837,23,33.02850971555425,10,62.2748306348333,21.588477595486086,40.74074972806081,98.78172588832487,0.8467399405776919,0.518318960924885,10,89.88882021697692,27.42667725521116,62.48199740725323,87.43147208121827,0.8620668787468723,0.5578067329780885,9,49.59335381301529,21.856318894788632,37.73592452822641,100.0,0.8545374975116843,0.5170285122412048
250,SE Asia,125857.96909320563,33,34.8424313842925,10,68.0,25.055839221949782,46.647615158762406,96.66963264268463,0.8745442881590159,0.5470463969342716,10,110.34491379306978,32.45476106002634,72.99315036357864,81.98805135375619,0.8892406567282857,0.5940574447822822,10,66.23237924848448,25.163163678563446,44.181444068749045,98.52548620821152,0.878101869249505,0.5443282175765437
251,Tropics,88707.83489031308,17,40.75506524098356,10,70.48430840181439,26.02400956261751,48.80365911166636,95.57921328040419,0.8829281699674817,0.5599970373471761,10,112.0714058089752,34.724797969137754,79.39773296511683,78.14868278599783,0.8994096327418534,0.613315096529857,10,54.405882034941776,25.256556575282023,41.7612260356422,99.69325153374233,0.8867264556851927,0.5509274804527016
252,Kansas-like,56623.185333413596,36,22.375407928523874,10,45.43538349632931,15.580973859964585,28.284271247461902,100.0,0.7723158853848056,0.44621346163714803,10,40.19950248448356,15.688022789647896,28.000115819093622,100.0,0.7742757727894826,0.44637984327805985,2,43.266615305567875,18.63518092864585,33.94112549695428,100.0,0.8110948615884293,0.4766476597090811
253,Sahel,156597.7365480551,19,51.220168569386324,10,82.67047351569984,32.15283970518882,56.568542494923804,89.69957081545064,0.9208115167701518,0.6101855276092382,10,134.16407864998737,40.84786285100087,79.19595949289332,68.55712241978337,0.9324855692301651,0.6598849327948747,10,87.43700422957076,33.92174258195459,59.510908439169924,83.06764765992234,0.9228066315357465,0.6212125850769964
254,Scandinavia,56095.87837938474,39,21.397263581530233,10,47.54601157596412,15.656900252674408,28.284271247461902,100.0,0.7728307103357964,0.44701376743706145,10,45.60701700396552,16.040032472159158,28.844410203711913,100.0,0.7755287499083682,0.4493752515638517,2,45.60701700396552,19.009576712341875,34.40930106817051,100.0,0.8127808478693465,0.4807281601703717
255,Patagonia,63661.326409058056,10,45.015585704927155,10,56.142675390472796,23.902373526817154,41.28632959757452,99.47249434815373,0.874445941650724,0.5438347719342737,10,101.9803902718557,32.96680847547437,68.0,81.73825671941724,0.8975663123196826,0.6062907712255702,10,50.59644256269407,24.494152637698907,41.182520563948,99.97488068324542,0.8813472221738851,0.5434579570591661
256,SE Asia,41686.80061342904,38,18.68669718122534,10,36.0,12.99115306803583,23.323807579381203,100.0,0.7247466511407681,0.4116968308750871,10,28.844410203711913,12.963394456852983,22.627416997969522,100.0,0.7255020501346024,0.4093122927963518,1,47.36662995333418,16.169827442947255,30.463092423455635,100.0,0.7708562790873431,0.4471445903122748
257,Tropics,195314.0760126355,38,40.44827798874243,10,96.16652224137046,28.418678491492635,53.36665625650534,93.07408923454769,0.8969356103470639,0.5768111472537875,10,120.33287165193059,33.93444108348806,73.43023900274328,82.03847728203029,0.9063165618574013,0.6095669462479396,10,67.88225099390856,27.86218403530485,48.65277953362829,96.02128530495293,0.8981439789033628,0.5726012834780191
258,Kansas-like,68401.66078476916,15,38.098928120689635,10,67.35011897199962,23.128162469939145,45.02545365688385,97.38439981317141,0.8619932930243847,0.5347808955297944,10,114.40279716860073,33.2000382236124,72.44308110509934,77.83745913124707,0.8854078074619227,0.6008258981645255,10,51.28998199321167,22.566806197028885,38.224369379634126,99.90658570761326,0.8648637464162019,0.5283271890526803
259,Sahel,134501.65116947694,20,46.267269897459975,10,92.27504321503663,31.277533417586124,57.56329357609158,89.02105388366837,0.9120591300371927,0.6009666587614793,10,140.0,49.02039998537861,110.63453348751464,57.356964434399906,0.9275650136515663,0.6850130247095896,10,113.84199576606166,35.081718862917874,72.48469116437968,78.54169144760318,0.9143219426713379,0.6192003843430406
260,Scandinavia,73808.98290180945,34,26.28695099385665,10,58.240879114244144,18.93729634445495,35.29236024428942,99.78350292271054,0.8176661164553646,0.48545377536407175,10,58.240879114244144,21.777216708624277,43.08131845707603,99.39380818358953,0.8332241468626939,0.5093428302180777,7,48.0,20.197338155168904,36.22154055254967,100.0,0.8330343985198027,0.495983220037389
261,Patagonia,193296.32052832996,16,62.012160998427476,10,120.10415364898797,41.897721192084425,81.58431221748455,68.46287558976906,0.9430184859573041,0.6744435232296538,10,201.79197209007103,69.781477049519,144.9413674559475,39.12755566592169,0.9542171446175318,0.7706013580089628,10,167.90473489452285,60.497938007305194,131.0267148332736,48.025825676682395,0.9462414363424072,0.734702805063085
262,SE Asia,35112.519982779275,26,20.733345716265255,10,36.22154055254967,13.728102137332842,24.0,100.0,0.7441187681668822,0.42499744213743873,10,32.984845004941285,13.771309528655008,23.323807579381203,100.0,0.7456169464363249,0.42217387882571056,0,44.181444068749045,18.011975246441608,32.2490309931942,100.0,0.8059599478267298,0.4743505928365722
263,Tropics,142596.3570614492,36,35.508148590011885,10,68.46897107449476,25.785109419584444,45.60701700396552,97.29547749971945,0.8812868188222582,0.5517769844088138,10,106.50821564555478,32.95202519338221,72.11102550927978,81.14689709347996,0.8943530540634284,0.596194857825025,10,60.13318551349163,25.653521330385608,44.181444068749045,99.11345527999103,0.8829463897778304,0.550050254788983
264,Kansas-like,98375.44394137655,27,34.05544301101185,10,76.94153624668537,24.806774209370545,47.881695713739504,96.17886178861788,0.8707204892402974,0.5457205425281464,10,110.05453193758083,35.25180562181241,82.46211251235322,75.9349593495935,0.890199602758529,0.6095099000949359,10,52.15361924162119,23.93410818938041,40.94722529928144,99.88617886178862,0.8721055005616487,0.5371627057895535
265,Sahel,49327.69457850023,10,39.625109270500694,10,58.00787858520494,21.52721572792505,39.39654281817729,99.22052614485223,0.8496618377231211,0.5232631134165348,10,82.46211251235322,29.61193971477532,65.11528238439882,84.05326404676843,0.8735382026432769,0.583752026490001,10,52.1536192416212,22.01460817561942,37.73592452822641,99.96752192270218,0.8582331189729915,0.5198672971368692
266,Scandinavia,100428.55949186182,39,28.63000189932402,10,56.142675390472796,20.265685101664495,36.22154055254967,99.88833944807784,0.8351908657918236,0.5007966619525782,10,84.38009243891595,23.003380771033996,48.82622246293481,95.29430531185197,0.8434711998074835,0.5206976831098533,8,49.47726750741192,21.313895364177917,38.31465625278633,100.0,0.844529354176501,0.5081552009581847
267,Patagonia,153834.76630490166,11,66.71998947679725,10,100.71742649611338,37.85085283096535,68.73531147500145,76.72700790678319,0.9388560816780244,0.6510858089979847,10,156.05127362504928,59.67931790735363,120.33287165193059,43.58094049105285,0.9518272594659591,0.7437958179032674,10,146.86047800548656,50.82655192514654,109.17875251164945,55.27465667915106,0.9423435369143226,0.7024862880338691
268,SE Asia,64082.912973764374,18,33.663551617443176,10,60.92618484691127,21.213783056448143,40.19950248448356,98.92741332002993,0.8427276142493476,0.5151064957139218,10,92.0869154657707,28.193240873937473,61.05735008989499,87.35345472686456,0.8640805422873075,0.5675056629939653,10,48.82622246293481,21.829975250484118,38.468979947365334,100.0,0.8520762224174089,0.5124408057582382
269,Tropics,88942.71132633732,24,34.34587816073191,10,66.2117814289874,22.66567749232492,44.41168320375696,97.31869713874393,0.8549435909148717,0.5247454183053197,10,91.30169768410661,28.28853324483847,60.0,88.0691020334713,0.8731950159107884,0.5649928753481,10,51.226349556540626,22.013330523771078,37.73592452822641,99.96400935756704,0.8577060013658666,0.51707121373442
270,Kansas-like,91757.78515760713,19,39.2075517363379,10,78.36925580138413,25.925994863737884,49.78324535999795,95.05571030640668,0.8791732938498363,0.5592793688147424,10,128.80993750483694,39.831982806428265,96.82974749528164,69.42896935933148,0.8987831416588705,0.6386287647946253,10,66.76842423084517,25.560499851975262,45.60701700396552,97.5800835654596,0.881178727612263,0.5528788047405228
271,Sahel,97642.71648610075,25,35.25940553745447,10,72.11102550927978,24.33519197052512,46.647615158762406,96.5726467694326,0.8689465884369019,0.540669282108575,10,124.96399481450646,33.133766553020344,77.6659513557904,80.05903574942604,0.8862036101739046,0.5946472416883654,10,57.688820407423826,23.960043390302307,41.453239793620284,99.2948507707445,0.8719810887299463,0.5354732993822419
272,Scandinavia,115565.15262171818,11,57.828532260807286,10,83.31183569135924,33.12280303294185,63.245553203367585,83.97950706175574,0.9191228769587887,0.6214418853385497,10,145.60219778561037,50.64072031046054,107.48023074035522,54.527831625588476,0.9362238994842569,0.7046873174333622,10,100.23971268913334,35.70359580829066,69.9714227381436,77.11160343395181,0.9211955417780266,0.6337905234527382
273,Patagonia,127383.75135179487,27,38.7525422795451,10,88.8842224126727,28.09828324557085,54.111982559488865,92.76381909547739,0.8922027712617265,0.5738687927854532,10,144.49913494550754,39.279507558431355,91.3892772703669,71.11809045226131,0.907096619929713,0.6352635028418648,10,69.18611097992088,27.523873560464715,48.33218389437829,96.33165829145729,0.8941457672751624,0.5677594982116062
274,SE Asia,128377.19732540128,12,58.35504196242923,10,88.1218807900401,33.06990287522114,59.464274989274024,86.8362004487659,0.923848875015745,0.6204909439198446,10,136.82105101189657,46.2470367061056,93.38094023943002,58.47668910496135,0.9388803593390003,0.6911679888369946,10,105.90561835898981,36.41346811819132,70.89226056598721,76.8760907504363,0.9261915050757513,0.6380259082911464
275,Tropics,143374.65788005735,18,50.35296031871247,10,86.79474998109336,31.06726577937248,54.60515226215529,91.4387766491796,0.9165040189599831,0.6019968321819933,10,105.90561835898981,40.974289389193046,80.39900496896712,66.62573947985267,0.9298611209038414,0.6600269030277947,10,87.42718460623603,31.881713895322843,57.271284253105414,89.02779328050005,0.9177415449254323,0.6063509784915182
276,Kansas-like,180266.37248485538,31,43.023087765951274,10,84.25453873908792,30.312852451576408,54.405882034941776,91.71104011359603,0.9075903779278002,0.590781798397326,10,105.60303025955268,37.98723671058431,75.8946638440411,71.55662051828186,0.9184315689703706,0.636325889785902,10,80.09993757800315,30.787243034083353,56.568542494923804,89.89172878949236,0.908263805456982,0.5932211554481873
277,Sahel,59548.78855197391,32,24.338092639395445,10,52.61178575186362,17.215775191860036,31.16749705648618,99.8925020155872,0.7955985538794077,0.46464262982285714,10,51.94990017139356,17.712504021380575,32.2490309931942,99.9731255038968,0.7995572216713301,0.46825671042912115,5,46.92776308834026,19.72168561079794,35.77708763999664,100.0,0.8241641798681412,0.4872671084289488
278,Scandinavia,129829.87271770404,15,52.48881278140985,10,89.44271909999159,31.42341862842159,57.05072264436637,89.3569844789357,0.9167959318381181,0.6055475301237513,10,173.85051049680584,48.086959643192955,120.9297316626478,63.82113821138211,0.9325999501326808,0.6814073425843811,10,89.44271909999159,31.963736365576978,57.271284253105414,88.18674550381867,0.9179950000578008,0.6079718386522022
279,Patagonia,207142.12801845183,39,41.117526113294765,10,92.80006103046742,31.406081744274307,59.0592922409336,89.03644224830141,0.9092772301305597,0.5978417163453413,10,164.19500601419037,41.72670222406536,88.81441324469807,67.21741815935763,0.9197304532660676,0.6508289282083797,10,85.5102333057278,32.43988552120578,61.18823416311342,84.78227300802965,0.9104373737938453,0.6028787761907775
280,SE Asia,140422.94545797448,20,47.27473521148506,10,89.20029033858134,32.32370825027096,60.92618484691127,87.73627875199271,0.9160052439412473,0.6097896729819646,10,112.64102272262978,42.517187459589394,81.58431221748455,62.480072876337964,0.9305498503392469,0.6691835059220439,10,112.64102272262978,37.31594493302476,77.6659513557904,73.91254839444318,0.9185740526401424,0.6335574444938539
281,Tropics,222174.75112288992,16,66.4832778518587,10,132.0498710603592,43.35698998636618,87.6924220487472,66.41221374045801,0.9473391148390694,0.6796081934960662,10,200.0399960007998,65.92074616057715,137.46272221951665,40.061932882039464,0.9565987475126769,0.7603601622091534,10,168.1903683330291,56.841790370627606,123.09325410485211,49.294253204666575,0.9496990420604832,0.7259416155789298
282,Kansas-like,169741.93170459894,39,37.22093943395774,10,84.09518416651456,27.200400397785618,50.91168824543142,94.42351168048229,0.8879897769182723,0.5654169724302884,10,142.9405470816451,37.267726722850426,98.83316796507677,77.50565184626979,0.9003758312587835,0.6164613308727745,10,65.6844532825259,26.987880297194916,48.82622246293481,95.60097965335342,0.8887167083754903,0.5626384510930261
283,Sahel,181340.53158486614,36,40.04250657089526,10,92.21410649988259,30.986757500021014,60.60268889788562,87.85392961100821,0.9038069459349967,0.5967998498595456,10,136.82105101189657,41.48570976085768,91.30169768410661,66.84308017994178,0.9158188388299727,0.6523324240793197,10,84.09518416651456,30.62720276336677,57.087872380447635,89.33580312251918,0.9046176784594916,0.5928863612896508
284,Scandinavia,244167.62272716992,6,113.81342056193856,10,145.51632967520283,54.67062969956535,104.6900186264192,47.396003930560106,0.9681114370774245,0.7433462790251272,10,222.17110523198104,89.92838592294048,173.6663467687393,22.43694726498526,0.9765405010466054,0.8413010502103949,10,197.34234213670416,78.02800876296968,156.46085772486356,30.704225352112672,0.9705537581023838,0.8056341195581255
285,Patagonia,183312.6491975252,30,44.102240495660915,10,99.35793878699377,32.72790675592239,61.18823416311342,86.60612939841089,0.9151936119881967,0.6086302891586409,10,176.1817243643619,46.89758853979963,113.77170122662314,63.07517680956954,0.9260926992317988,0.6714913761732473,10,99.35793878699377,35.84897678179048,73.43023900274328,76.60001746267353,0.9166907892404872,0.6245559647332422
286,SE Asia,192461.9757836241,19,56.78331371209275,10,107.70329614269008,37.87172602045723,74.53635334580079,77.94765267968425,0.9348165243517522,0.6471149028191261,10,171.81385275931623,58.64024357713089,126.49110640673517,45.633568757789774,0.9479847550760614,0.7341189919770932,10,110.71704605440259,40.432217479840645,76.12298397559806,68.05151641046946,0.9364440729974861,0.6613007963423161
287,Tropics,107444.4525726386,9,61.64470912637307,10,91.62404853357903,33.15422624006729,63.245553203367585,85.76745570939407,0.9214317577831268,0.6208499247056958,10,137.92751719653333,50.56691901919515,109.2520022699813,55.35209170760756,0.938405812085505,0.7065245158051771,10,85.5102333057278,34.48931914183873,65.11528238439882,81.09274973946702,0.9232553796655993,0.628363453855278
288,Kansas-like,118859.1427808946,30,35.512458006775354,10,79.08737334713503,24.539078217496833,44.0,97.88779765908785,0.8729534927442051,0.5405198191876992,10,115.37764081484765,29.16972385553755,59.464274989274024,89.9233149468586,0.8844359856805459,0.5697548425486898,10,55.22798677759475,24.51778716262154,43.08131845707603,99.44840575810574,0.8754517992248604,0.5392040182706235
289,Sahel,41843.840070635844,30,21.070760127387302,10,48.662100242385755,14.981432040804917,29.120439557122072,100.0,0.7564358207176827,0.43766897619321593,10,32.0,14.346041092986427,25.196903122408365,100.0,0.7542906863561514,0.4294042942457789,2,48.662100242385755,18.437062704620608,35.77708763999664,100.0,0.8032093000821348,0.4730732672625724
290,Scandinavia,208717.58293029125,26,50.549621495614396,10,96.33275663033837,34.610557990722334,62.0966987850401,84.34362786420415,0.9274651547387874,0.6261156433697032,10,169.941166289984,46.25134766007765,103.76897416858277,63.21557207448847,0.9364824515130881,0.6788862473562635,10,110.05453193758083,37.54799687080775,72.99315036357864,75.35443328990728,0.9291526607532715,0.638942520195692
291,Patagonia,95901.75990647216,23,36.43128032495437,10,59.464274989274024,22.72373809226204,40.0,99.50008331944676,0.8628259915380133,0.5303112902994749,10,80.0,28.351985120762844,59.464274989274024,89.30178303616064,0.8791146039722662,0.5704298771661076,10,51.54905410856121,22.588707617270618,37.73592452822641,99.96667222129645,0.8647258449568355,0.5256774156192283
292,SE Asia,192000.404818168,17,59.958626423909415,10,97.65599700019844,36.931952540295434,66.1495218034721,79.2534577570405,0.937004671987843,0.6450458075499516,10,151.2084653714864,52.84095483385297,111.13955191559843,51.89135144142642,0.9478241531838476,0.7158840911750238,10,138.15932831336434,42.12451577146152,84.38009243891595,67.39710048325279,0.9390406615043337,0.6677021779792666
293,Tropics,83580.96696983394,22,34.7750224385909,10,61.21634050726504,22.28078748203687,41.405936183489644,98.2587064676617,0.8544679006541911,0.5231201534135752,10,92.34717104492157,28.869540183533047,62.19322225457216,86.77765021048603,0.8740853148522818,0.5703937626549186,10,56.62744887311962,22.03319411904866,36.87817782917155,99.73210868733257,0.8580901850463255,0.518086632145387
294,Kansas-like,77973.24067682847,39,25.22699681569411,10,49.47726750741192,17.498124503786393,32.2490309931942,100.0,0.8011116631612812,0.4692675600689374,10,46.8187996428785,17.69088246882505,31.240998703626616,100.0,0.8038871382564351,0.47024184071904795,1,49.47726750741192,20.411599879089227,36.87817782917155,100.0,0.8345829984392706,0.49929626877757716
295,Sahel,57286.5472375704,30,24.654191213025953,10,45.63696775035942,17.308540274326507,31.240998703626616,100.0,0.7972167876797321,0.46527543807021204,10,52.15361924162119,19.0591935361543,36.87817782917155,99.91627128104939,0.8087616631106165,0.48200567734347427,3,48.19248571236889,21.05037169629013,38.45101652311685,100.0,0.8355709905061381,0.5034877018001351
296,Scandinavia,60154.76474231891,33,24.088131315209882,10,47.413928973969746,17.578536875591254,32.2490309931942,100.0,0.7986379332845266,0.4722934289427941,10,52.15361924162119,18.452244147947862,35.77708763999664,99.8672331386086,0.8035585441912948,0.47998347124967744,3,46.8187996428785,20.3335317040794,36.0,100.0,0.8315387496495368,0.4998359271808106
297,Patagonia,54176.963219359466,29,24.385597074798152,10,53.36665625650534,18.128246052698046,34.40930106817051,99.85237673457337,0.8030061625879317,0.4782997221405637,10,68.11754546370561,22.479498723477164,49.47726750741192,95.03985828166519,0.8220293239499524,0.5175316058564203,7,43.08131845707603,19.59430389080692,32.984845004941285,100.0,0.8252773384396865,0.48698874140285403
298,SE Asia,110760.24629693449,38,30.459671954753656,10,66.41415031174058,23.242679120757014,45.606913619111495,97.0244113823487,0.8550505790788782,0.5282620811649527,10,113.27841806805037,30.242045578832396,75.11047589790897,83.86537628195869,0.8688754653582628,0.5712157546060281,10,60.13318551349163,22.968764682042682,41.7612260356422,99.27776975299726,0.8576922791397411,0.5229265165860161
299,Tropics,52628.53108051245,13,35.89748409681917,10,53.4271793083474,21.589567307817525,39.17682895716033,99.60450258594463,0.8496695619564084,0.520959298465976,10,113.70136322841516,29.754862338521058,68.0,87.25281411621539,0.8725231437190235,0.5795595163996868,10,52.0,22.07591391189795,37.73592452822641,99.8478856099787,0.8572429239667518,0.5192760437224819
