trial,BUF25_10_cov50,BUF25_10_ksd100,BUF25_10_ksd25,BUF25_10_max_d,BUF25_10_mean_d,BUF25_10_ok,BUF25_10_p95_d,BUF25_20_cov50,BUF25_20_ksd100,BUF25_20_ksd25,BUF25_20_max_d,BUF25_20_mean_d,BUF25_20_ok,BUF25_20_p95_d,BUF25_30_cov50,BUF25_30_ksd100,BUF25_30_ksd25,BUF25_30_max_d,BUF25_30_mean_d,BUF25_30_ok,BUF25_30_p95_d,BUF25_5_cov50,BUF25_5_ksd100,BUF25_5_ksd25,BUF25_5_max_d,BUF25_5_mean_d,BUF25_5_ok,BUF25_5_p95_d,BUF50_10_cov50,BUF50_10_ksd100,BUF50_10_ksd25,BUF50_10_max_d,BUF50_10_mean_d,BUF50_10_ok,BUF50_10_p95_d,BUF50_20_cov50,BUF50_20_ksd100,BUF50_20_ksd25,BUF50_20_max_d,BUF50_20_mean_d,BUF50_20_ok,BUF50_20_p95_d,BUF50_30_cov50,BUF50_30_ksd100,BUF50_30_ksd25,BUF50_30_max_d,BUF50_30_mean_d,BUF50_30_ok,BUF50_30_p95_d,BUF50_5_cov50,BUF50_5_ksd100,BUF50_5_ksd25,BUF50_5_max_d,BUF50_5_mean_d,BUF50_5_ok,BUF50_5_p95_d,CVT_10_cov50,CVT_10_ksd100,CVT_10_ksd25,CVT_10_max_d,CVT_10_mean_d,CVT_10_p95_d,CVT_20_cov50,CVT_20_ksd100,CVT_20_ksd25,CVT_20_max_d,CVT_20_mean_d,CVT_20_p95_d,CVT_30_cov50,CVT_30_ksd100,CVT_30_ksd25,CVT_30_max_d,CVT_30_mean_d,CVT_30_p95_d,CVT_5_cov50,CVT_5_ksd100,CVT_5_ksd25,CVT_5_max_d,CVT_5_mean_d,CVT_5_p95_d,LEA_10_cov50,LEA_10_ksd100,LEA_10_ksd25,LEA_10_max_d,LEA_10_mean_d,LEA_10_ok,LEA_10_p95_d,LEA_20_cov50,LEA_20_ksd100,LEA_20_ksd25,LEA_20_max_d,LEA_20_mean_d,LEA_20_ok,LEA_20_p95_d,LEA_30_cov50,LEA_30_ksd100,LEA_30_ksd25,LEA_30_max_d,LEA_30_mean_d,LEA_30_ok,LEA_30_p95_d,LEA_5_cov50,LEA_5_ksd100,LEA_5_ksd25,LEA_5_max_d,LEA_5_mean_d,LEA_5_ok,LEA_5_p95_d,area,region
0,13.515875327701718,0.8970039863095124,0.9812471701000942,247.38633753705963,121.34722686296317,1,210.24175444672667,20.273812991552578,0.8553134730736397,0.9656618291040463,222.4230203913255,103.89832940724459,1,192.4162155328911,26.623944072240025,0.8178545433826384,0.950406765421446,208.15378930012304,90.7162150318361,1,177.13271860387624,9.699970870958346,0.9221347509038154,0.9893253312309281,256.4995126701024,134.68725886013152,1,224.17850030723287,24.9247499757258,0.840470478209346,0.9728356144086264,205.60155641434235,93.17335622965538,1,173.11268006705922,43.57704631517623,0.750158819663357,0.9466328914130302,167.09278859364338,64.26835371631795,1,136.5283853270081,64.06447227886203,0.6640419323005212,0.9201638416659299,156.2049935181331,43.51022902078913,1,98.26522240992071,15.273327507525003,0.8930317718962668,0.98599867910738,234.67424230196207,115.60307101543677,1,203.9607805437114,47.703660549567914,0.7364508451989651,0.9695931774040113,96.18788801131542,49.25773893942966,76.526145700283,88.29012525487911,0.6412718040616687,0.9406032714032455,67.709549519348,34.84946634884143,54.31626037153235,99.49509661132149,0.5868890496122836,0.9137895697405748,57.42588051076869,28.378140344948523,43.810420462430685,23.817846392853674,0.8268520213858935,0.9847215993685501,139.03428691269957,70.25933826774727,111.74123619525048,45.85882124478105,0.7550455130809396,0.9695501314471822,147.73513982301213,56.0434911284823,1,109.70504921130443,73.58966889989318,0.6632654637320268,0.9408797994889784,96.29646211822836,39.15318432471339,1,74.33633447455834,91.14477133702302,0.6006010252804231,0.9142069560322498,82.42734001094537,30.5706311508647,1,57.15642507038158,23.837265753956693,0.8418839876644857,0.9846795893282134,223.0489659381625,82.99406339776415,1,151.66403184634396,164694.67025848673,Kansas-like
1,14.755134281200633,0.8887698185955014,0.9796785959351254,242.98148077579904,114.6431834249768,1,197.46392075515973,21.83254344391785,0.8451333496717703,0.9630288175637222,220.03636063160107,97.42719033062302,1,176.40861656959956,28.773038441284886,0.804679617687227,0.9464463098891742,200.9975124224178,83.61489283119786,1,158.4929020492716,10.489731437598735,0.9160950015827658,0.9884123453486148,248.29015284541592,127.06361455535163,1,205.91260281974002,27.182727751448134,0.8279260491614655,0.970315883839416,214.84878403193255,86.71665497903027,1,164.16089516488296,47.13006845708267,0.7336545265062288,0.9420081920653921,172.18594600024707,59.596529689187754,1,130.78226179417453,67.34070563454449,0.6503896392505878,0.9138685595919369,138.85243966167826,40.8472872617602,1,94.40338976964757,16.67193259610321,0.8843190177444774,0.9846095723220315,224.89108474992955,107.97882285327307,1,184.39088914585776,51.65876777251185,0.7268845327058325,0.967068182225726,97.33789360474992,47.469769731992635,74.53797122555382,91.87993680884676,0.6313612060637405,0.936028664494737,67.64519076511169,33.50661432416756,52.04816016826096,99.7577672459189,0.5771722658206246,0.9074843719586074,55.354470937476584,27.272755605029868,42.03764722280536,25.866245392311743,0.8184416057083382,0.9834344686843056,146.40176806615958,67.93252089229841,109.58131061822988,49.3522906793049,0.7439252722947948,0.9671067162810361,155.10765437510162,53.57776464962782,1,103.06035433898785,75.00789889415482,0.6565495156867794,0.9364891394805887,103.63365752573097,38.337005043995404,1,75.68505955685475,93.8388625592417,0.5897638312843086,0.9079972128798238,92.09388870075712,29.053801275038765,1,52.20089977180281,25.771458662453924,0.8329322887103169,0.9834148596552204,185.74136912126363,78.54128168970162,1,144.64222116592725,152011.73564856112,Sahel
2,20.601614086573736,0.852533671033775,0.9713993542011072,194.03092537015846,91.01939648559704,1,153.3101431738944,31.00513573000734,0.7928434193544305,0.9476054455841991,156.46085772486356,73.42073339913237,1,132.9661611087573,40.46955245781365,0.7415350026671448,0.9244491639235858,148.86235252742716,61.49744200070439,1,121.18072080401397,14.702861335289802,0.8877735838396533,0.9835454786143862,194.03092537015846,103.55163650974384,1,166.37307474468338,37.93103448275862,0.7743364038790375,0.958658073059475,138.10141201305655,64.22651946267212,1,116.61903789690601,65.53191489361701,0.6603915015848721,0.9194148629266269,120.0,41.16582397480448,1,89.88882021697692,90.8437270726339,0.5651003565675075,0.8813662305416742,84.38009243891595,26.90033179997629,1,56.85068161420758,23.47762289068232,0.846550419253647,0.9784451781014246,178.88543819998318,85.64271849921491,1,146.86047800548656,70.79970652971387,0.6842762426484351,0.9547089404105071,80.4677900170128,40.23369406935352,62.85201578212964,99.26632428466617,0.5894507853461024,0.9136960521952616,54.402459166945384,28.299642205749926,43.87589386894019,100.0,0.537971581237895,0.8780247419013122,45.14799635793227,23.06075744802414,35.6344473136436,35.90608950843727,0.7796917959941584,0.9769714485610342,114.4531237383093,57.40428726129135,91.78197274690926,63.18415260454879,0.705010584339279,0.954807071329538,119.15129741331035,45.49788806382168,1,88.01157762901154,86.04548789435069,0.6131159538683852,0.9150022948429777,83.935303885666,31.850542286636788,1,60.980782811439695,97.78429933969186,0.5514776184912729,0.8796102940435405,71.47131380006711,24.548109077030038,1,44.44130925207908,35.37784299339692,0.8007321882228512,0.9770358683233495,177.96303253996962,67.97863967926149,1,130.90240160402658,109037.36983131694,Scandinavia
3,38.56551724137931,0.7643624160965051,0.9473413416050355,134.46189051177288,59.303953516397804,1,109.17875251164945,58.06896551724138,0.674869281985468,0.9034667969287643,110.05453193758083,43.62578606229486,1,91.3892772703669,75.58620689655172,0.6003030526689899,0.8609708351572447,86.34813257969161,32.13026343523081,1,69.85699678629192,26.53793103448276,0.8240476522459507,0.9708423106321743,148.0,72.20735023015732,1,121.6552506059644,71.36551724137931,0.6558371039799316,0.9228770002700454,106.50821564555478,37.99681579249018,1,77.58332741729458,99.69655172413793,0.525454999087075,0.8654705103213964,54.50237495503883,22.34186558436099,1,37.73592452822641,,,,,,0,,44.30344827586207,0.7577791801818496,0.9597637888576912,112.64102272262978,54.46764522622648,1,96.33275663033837,98.37241379310345,0.6047090512078701,0.9189457833587523,61.188969156679875,29.227286902519385,45.630702755443366,100.0,0.5160481272466322,0.8559694612686726,39.73536033103054,20.610886452822665,31.777330135399428,100.0,0.4701715565482629,0.8086108381010804,34.718404325248294,16.84386020366065,26.058418911193954,66.62068965517241,0.702696550563775,0.9575256339243994,85.16783581337967,41.88187284648118,67.32039661670198,83.8896551724138,0.6301754483006519,0.9203906531913776,82.00513776734029,33.05481772395546,1,63.491312018967236,98.23448275862069,0.5417715587529143,0.8617636794657011,57.626894302303704,23.20638471918957,1,43.87276697838599,100.0,0.48380232932267725,0.8130665319478939,47.373653022693745,17.896891347895863,1,32.7284931317995,54.37241379310345,0.7328050366225114,0.9581128204078264,132.48373319455447,49.82574792746689,1,95.40199344910776,57924.275634924175,Patagonia
4,38.55816493719279,0.7680287324553681,0.9469736341770676,135.82341477079717,61.39899341884203,1,115.16944039110375,57.45494265428728,0.6793987089541821,0.9032371102301094,113.13708498984761,45.07330448010373,1,95.0789145920377,72.22829055161114,0.6095990500437508,0.8618079572789523,101.19288512538814,34.69223292452516,1,80.99382692526635,27.36209721463681,0.8232443961760679,0.9698904786829633,148.48568954616468,73.3088258893265,1,129.78750751714904,76.0786455488804,0.6478002640483872,0.9227789574689699,94.2152214820075,36.219111377577796,1,73.42348779169723,99.91807755324959,0.5264897543871568,0.8672855479681031,53.36665625650534,22.475392962906263,1,36.87817782917155,,,,,,0,,43.36428181321682,0.7637733536204353,0.9601805891110424,132.0,57.14855259793796,1,108.81176406988355,97.9792463134899,0.6070047885991081,0.9197945581841109,59.03367203202223,29.539863505201346,46.60835342256836,100.0,0.5179195266201184,0.857430257879445,42.032744140382235,20.75197630629273,32.26755980887127,100.0,0.47140858561308147,0.8097178707990083,34.96122934206263,16.921145120840073,26.130588221328516,66.35718186783178,0.7044196963644194,0.9578849935555943,88.28028184858411,42.14329982808669,68.45546175759829,84.40742763517204,0.6316355614605859,0.9210281860122985,90.50227435261249,33.38393679112456,1,65.07595571381208,98.68924085199345,0.5398467944126426,0.861597623001859,67.52374347511737,22.987683475780084,1,43.44981841485679,99.94538503549973,0.4862912330580476,0.8150912571634856,52.982799633514354,18.244097804917875,1,33.64937628756439,54.178044784270895,0.7333971542429443,0.9583293027311586,108.97009861939257,49.12748137217927,1,88.74189701335072,58621.84733911626,SE Asia
5,26.18514371033968,0.8230971984182903,0.9638038142801147,178.88543819998318,79.5999934897063,1,144.99655168313487,39.193729003359465,0.7541112146171239,0.9340026287243308,156.46085772486356,62.481909206054496,1,122.37646832622684,51.51175811870101,0.6935497271717116,0.9047656126207123,132.9661611087573,50.04828301602344,1,104.9952379872535,18.68234415826801,0.8654556446307763,0.979357793444983,178.88543819998318,91.31256682838013,1,152.75077283530146,47.8910041060097,0.7345853871706666,0.9473394924243005,137.63720427268203,54.08847842681198,1,105.28049031710093,85.47965658827921,0.5967494562181069,0.8977935946329589,96.33275663033837,30.488603967132583,1,64.4980619863884,99.98133631952221,0.5187378814704982,0.8602138575464924,50.510146944734785,21.909332972970706,1,36.88252970196919,29.63792459873087,0.8179805203135789,0.9726200249908065,153.93505123915085,74.33738128007235,1,132.9661611087573,86.97275102650242,0.6529239234687326,0.9430883461001004,72.1601892841041,35.49434110743137,54.84813243538289,100.0,0.5611620852696791,0.8940496633640277,48.94163134353551,25.122093978500626,38.88139292717984,100.0,0.5110159900373743,0.8534699114958366,38.975417778519216,20.422678855687384,31.371071344243813,45.8006718924972,0.7510266566823138,0.9708629032064704,101.9276112664258,51.042835349894716,82.93946200914787,71.55655095184771,0.677718396789319,0.9436071817617274,100.49785790976682,40.19872862600886,1,76.53977331557375,93.85964912280701,0.5804130501408438,0.896367635306697,70.03886887928898,27.63277648262999,1,51.45013240653534,99.36543486375513,0.5244733778224908,0.8557324663847046,56.59874818278886,21.762859534881635,1,39.22964646999097,42.38521836506159,0.7754531387089895,0.970959684333179,137.12667778627147,59.56432992517195,1,109.16870160362714,85733.76462024491,Tropics
6,13.242136608970782,0.8991179308491947,0.981798796205876,242.98148077579904,121.8113043707129,1,200.8780724718355,19.40256839754327,0.859969538014762,0.9669600075314647,237.92435772740882,106.03515165267999,1,189.69449122207,25.479248092313416,0.8234421005893915,0.95241147440082,215.40659228538016,91.98056271535863,1,171.81385275931623,9.305788200260562,0.9245092640436062,0.9897407097384772,267.4023186137323,136.10311950803433,1,218.8332698654389,23.813512004466777,0.8459438647897224,0.973812938329796,227.40272645683032,95.774576373949,1,179.77764043395385,41.643402196166015,0.7573090456673975,0.9487814488832753,181.01933598375618,65.96275580776614,1,136.0,59.13828401265587,0.6802046533742909,0.9239229994796678,143.38758663147937,47.22083283498712,1,106.28264204469139,14.54494695700726,0.8968682270959959,0.9864986866053372,244.13111231467406,117.96759668000712,1,200.8780724718355,45.74725479248092,0.7420423761693007,0.9708968170287499,100.36452305602518,50.420295960465324,78.80165403889316,86.84161548483156,0.6461010077211358,0.9428598643791986,70.83919801539432,35.47825882008132,54.864330342305905,98.88330541596874,0.5922559831865593,0.9169644903738842,60.95485760768887,29.046484427671814,45.210788029255376,22.8643216080402,0.8309154797689228,0.9853210245911621,138.11459662664998,71.33590193689466,112.58684328056225,44.73292387865252,0.7596641212521801,0.9708696213226439,171.409099341511,58.17742855354737,1,114.6196712750077,72.76195793783732,0.6672537490123006,0.9431015040483329,102.77446315843986,39.67703921796282,1,74.45749751694282,90.49879024753396,0.6056547416304295,0.9173185697880253,102.77446315843986,31.18933301498324,1,57.976722795730566,22.780569514237854,0.8457264590116907,0.9853344436882252,237.95094005989677,85.39610946904152,1,159.48128844026073,171884.22535990292,Kansas-like
7,35.65752371186875,0.7766508998211117,0.9508413384341013,133.1465358167459,62.447143405495744,1,110.92339699089638,53.21712381440656,0.6930572248590222,0.9106607681134787,121.6552506059644,47.32939775666501,1,95.0789145920377,68.9566777749295,0.62295030357336,0.8713598185980399,100.07996802557443,36.11177189700288,1,80.0,24.788515765188414,0.832458528035041,0.9726416553137256,144.22205101855957,75.39461429022555,1,125.53883861180172,64.70135862599334,0.6748140853593497,0.928765425484767,113.84199576606166,41.56990547726739,1,84.09518416651456,99.74365547295565,0.5345814156025387,0.870751569846223,52.61178575186362,23.03723138483581,1,40.0,,,,,,0,,41.01512432709561,0.7695780061033035,0.9628636103587158,121.6552506059644,57.40880577991153,1,100.71742649611338,97.66726480389643,0.6143163625325186,0.9241950026853548,59.758681061355745,30.38273510486843,47.41584621538206,100.0,0.5249703613243497,0.8638796893744228,41.502650983225074,21.447932326231186,33.46199584217744,100.0,0.47784493776899467,0.8173908545069619,32.27524822522671,17.44433902283244,26.79332881774502,61.88156882850551,0.7126268800850966,0.9604220234882632,86.69470278331902,43.58443221362494,70.16859673772612,82.23532427582671,0.6381323055605973,0.9250173536709425,92.1474368999376,34.23734559621728,1,64.93008996012847,97.7185337093053,0.5497658051722488,0.86853441796766,64.02681831855901,24.065660521469958,1,45.81336639801558,100.0,0.4895691399721851,0.8211024861275937,48.01558827138277,18.47327136545812,1,32.68109791985652,52.39682132786465,0.7397059932959839,0.9607831626637111,126.59248239599434,50.921064785015105,1,93.42365362359915,62366.48882664701,Sahel
8,42.36711990111248,0.7472132629853574,0.9411438646917083,115.16944039110375,54.15743814045064,1,94.14881836751856,63.16440049443758,0.6546302515475237,0.8928793745429263,104.6900186264192,39.42058493644337,1,78.89233169326408,83.15822002472187,0.573996095488137,0.8444584821847685,80.99382692526635,28.51984494350805,1,62.48199740725323,31.056860321384427,0.8035115150563882,0.9656022345835334,132.48396129343357,65.25964245827618,1,107.70329614269008,76.39060568603215,0.6364425213249456,0.9150369648925778,101.19288512538814,35.396853636710645,1,73.7563556583431,100.0,0.5133824971848474,0.8569113771653771,46.97198470299904,21.262011512542358,1,34.40930106817051,,,,,,0,,49.53646477132262,0.7393287717099267,0.9550157589665391,108.07404868885037,50.16049795049609,1,89.44271909999159,99.50556242274413,0.5923385230155661,0.910769259104678,54.848380677945364,27.804758585568845,44.01163703932494,100.0,0.5041432944436569,0.8439074953085283,39.01475950112595,19.49334123539677,30.081756775177322,100.0,0.45896218457845195,0.7948065071345171,30.694230768487024,15.884363049745883,24.522780521586213,73.17676143386898,0.6886968842261855,0.9527222368485259,80.22293448286099,39.55235718066126,63.59067440902045,86.24845488257108,0.616858646410831,0.9123364769798481,79.91075075649715,31.369795904367848,1,60.216019858418086,99.6291718170581,0.5280055260959343,0.8497308998844179,53.98956179636483,21.709847939188908,1,40.76411912079131,100.0,0.4718257264512207,0.7994943104408322,44.231606240766055,16.953726254229426,1,31.00991860586117,58.683559950556244,0.7174218122673772,0.9533115784198349,111.66113003556185,45.765172844389895,1,83.15956190087475,51820.65231215373,Scandinavia
9,35.079950799508,0.7789749578220736,0.9521438188058113,136.0588108135596,62.794087248210595,1,110.05453193758083,52.004920049200486,0.6975094007442956,0.9131692928068595,118.45674315968678,47.94564892901825,1,98.32183388340253,67.35547355473554,0.6292947989159309,0.8757910330439405,104.0,37.12252404876849,1,80.39900496896712,24.526445264452647,0.8341506886170347,0.9729769424788217,150.94369811290565,76.5156744145993,1,129.09530410059676,63.198031980319804,0.6812193898453116,0.9311416846597547,111.57060544785082,42.14392699835764,1,84.07614733321162,98.57318573185732,0.5385063803339801,0.8723568634971617,69.9404055372552,23.430286092760625,1,40.19950248448356,,,,,,0,,38.6469864698647,0.7788304862012869,0.964301817550465,143.38758663147937,60.896488613853116,1,110.5766095486256,96.75276752767527,0.6191309609086442,0.9268279543780246,62.05246200347229,30.93842579405972,48.42900774597312,100.0,0.5298602349042899,0.8683979611278827,44.95374324901928,21.91268273371239,33.929451397365746,100.0,0.48212654430977053,0.8223742128224292,34.20404476375116,17.829843996423417,27.485855888692917,60.29520295202953,0.7170483604255593,0.9619213760096577,87.55488974661701,44.32641241563647,71.19413023935331,80.3690036900369,0.6438016112566802,0.9275414375988764,98.0760421274769,35.189699132272196,1,67.96163758403677,97.12177121771217,0.5549016617376542,0.8726161025634951,62.574531786839735,24.654507142556806,1,46.91369024396239,99.80319803198032,0.4964563186409764,0.82615951855255,56.73121221297842,19.114076245761407,1,35.190399502940394,50.92250922509225,0.7448633447929539,0.9621726301491522,130.56333594410722,52.37590728214713,1,98.70298281764846,65076.477586657405,Patagonia
10,14.472749416421394,0.8910749759933643,0.9800767239167387,230.3388807822075,116.21929743692588,1,196.9771560359221,21.455394296153457,0.8479001093348947,0.9637643155297348,215.40659228538016,99.07903406371224,1,178.88543819998318,27.78849081498021,0.8098249573536268,0.947904717374369,201.3156725145859,86.36074486948559,1,167.09278859364338,10.118745559728001,0.9187362577746162,0.9888290752042463,245.60130292814003,130.15285558366696,1,212.60291625469299,26.09357556074292,0.8342772256576385,0.9714521077840556,220.0,90.87802971630964,1,174.26416728633572,44.940627220136,0.7430710597896105,0.9443502527547067,175.6359872008012,62.49024246932207,1,134.65194324604914,64.23424337765148,0.6617876551836503,0.9171938873021291,134.937022347464,43.6835280497863,1,102.2154587134451,16.116918704962956,0.8880275861678941,0.9852033105263022,223.89283150650448,111.32154614057227,1,191.41577782408638,49.85283669948239,0.73148555266047,0.9682809235453675,101.074558594351,48.4498581734288,76.55929885024109,91.19050035522176,0.6349309531348277,0.938077194283362,69.75828351864921,33.998194645807054,52.41215230921325,99.8883588754694,0.5811145029624725,0.9102832777979895,53.22654164206345,27.689465161085188,42.503778661128024,24.855373997767177,0.8220884439434343,0.9839651319723681,135.33382624543182,68.9280415753214,111.02401888269469,47.78240129909672,0.7499369707906591,0.968222335471967,134.96575459277688,54.80843667110502,1,107.94714271210958,75.58104130721608,0.6576292126773147,0.938472067326631,100.64865364456641,38.31819676249396,1,73.59506464180895,92.5606414290064,0.5946561971644585,0.9108985472547696,84.15580793708216,29.719594561006776,1,54.55798854730236,24.926418349741194,0.837433936768666,0.9839949672382734,200.88864483114423,81.34640846372335,1,151.38568168618636,157558.63997029484,SE Asia
11,8.294903630128887,0.9340922251902005,0.9885498094554587,301.56922919953223,161.4774660076417,1,260.76809620810593,12.37436443183162,0.9073140487468824,0.9790475062439483,279.68553770261343,143.59648084207103,1,241.19701490690136,16.223247014307674,0.8828752184526563,0.969819704859201,276.9259828907356,129.62357300267905,1,225.7432169523594,5.864963935201608,0.950583123425581,0.9934983274717988,321.44672964583106,175.03935949897493,1,272.1176216271192,14.875251271136335,0.8982306726673049,0.9834640717110543,280.8558349046713,132.74626144343284,1,230.7899477880265,25.641480430412678,0.8392488330113435,0.9676103731890178,241.6278129686233,102.99650381265832,1,197.01776569639603,36.60281423672697,0.7821397851604087,0.9518062700654646,205.71825392998065,79.11700630575564,1,161.24515496597098,9.057585432186354,0.9324972464047825,0.9914817594564108,291.20439557122074,155.7579022961056,1,251.26878039263056,28.970083954120845,0.797987172291377,0.9813717000942728,127.34149605918492,63.26608411508683,99.37805336321834,58.06432541090221,0.7044205387947133,0.9630590148779598,87.60530880822009,44.482857434291006,68.66400889422577,83.55799929052856,0.6488530509253069,0.9453095020736465,72.02063914661109,36.3571515818806,55.870203112946584,14.550076859406408,0.8767282292163955,0.9906570964238849,175.58716100282928,89.99979338569764,143.89610715907924,29.076504670687005,0.8095240686586537,0.9813799707251988,187.01287616742945,72.13540467502625,1,138.24117810512217,55.92408655551614,0.7221311638865766,0.963073714414975,129.28078284173802,49.8323209600686,1,94.22548674356698,77.90587678845927,0.659210073364501,0.945250625245601,101.32454857515668,38.46876922810436,1,68.70275489244695,14.538252335343502,0.8847358424123198,0.9906771275076744,267.78912955070797,105.50200561501838,1,195.8862844071054,270578.0958944875,Tropics
12,22.27337672646452,0.8419993254018456,0.9691008882488924,166.70932787339765,85.36650658298451,1,140.91131963046828,33.22749642800444,0.7801092149835974,0.9437609999668332,148.8086019019062,68.78299260625509,1,122.44182292011173,43.56247023337038,0.7254846075424288,0.9187039406572626,134.937022347464,56.53654643598842,1,108.81176406988355,15.748531512938563,0.8810391971016098,0.982483592506366,175.72706109191037,98.59292214695839,1,156.05127362504928,39.9428480711224,0.764833502381432,0.9555789408866061,149.77316181479245,62.14350597175722,1,118.1185844818672,68.85219876170821,0.6451240169649155,0.9133604476060657,103.84603988597736,37.84866943107889,1,77.75810930196626,96.01524051436736,0.5450262068404669,0.8737337173099263,70.55946083149007,24.59735882022084,1,48.16637831516918,24.321320844578505,0.8401726568289255,0.9770885380590097,171.7672844286711,81.98548436526146,1,137.92751719653333,74.71027147166217,0.6753465507771726,0.951106901831257,75.68296126637334,38.93163129297173,61.708619822271956,99.76186696301001,0.5793600750753294,0.907333419462015,56.089009137096916,27.16200195762525,41.70136576000773,100.0,0.5289528068999579,0.8702688242552391,45.075860801995375,22.192336468431208,34.28148753087609,38.86331163676774,0.7705554049304856,0.9751181372573114,114.50939213788308,55.517112480123686,90.97898769442646,66.61374821400223,0.6947968617915805,0.9511713186032738,117.04894470528164,43.705411362271754,1,83.94497083321116,88.50611208128274,0.6028101492774252,0.9089848924535737,75.08372597940082,30.378358588410123,1,57.75367052392552,99.095094459438,0.5399569554287152,0.8715947848044235,60.11471498253012,23.354535199784166,1,41.014718302104576,37.65677091601842,0.7904365163899587,0.975151325278256,155.28660975558208,63.616495335089326,1,114.94452757389264,100713.19061575082,Kansas-like
13,32.31581363323387,0.7913606509767143,0.9555215872298964,141.7603611733548,66.84868439876641,1,116.61903789690601,48.473720449850816,0.7108064502093648,0.9187228394898052,121.6552506059644,50.41552751706174,1,96.74709297958259,63.139775074592606,0.6429475122471882,0.8826038222659892,101.19288512538814,39.09205051581343,1,80.99382692526635,22.699104888684875,0.8423334597902581,0.9747058600658932,144.22205101855957,79.08778371396285,1,128.06248474865697,58.38879963277485,0.6964492091702538,0.9359723412309571,116.82465493208187,45.6207112063869,1,91.21403400793103,95.57034656873996,0.5559781749066133,0.8788696195597158,69.05070600652827,25.24946399158347,1,48.82622246293481,,,,,,0,,36.791370208859306,0.7855825311817732,0.9665863949731103,140.0,62.34496294258118,1,109.2520022699813,94.85884783107643,0.6270395141205886,0.9311761932122709,62.85992797049025,32.03670677826137,50.07167734781713,100.0,0.5365824607926533,0.8747755247807162,44.58597021032248,22.575063351867698,34.6939925975678,100.0,0.48911097020657673,0.8304215205759251,35.12953574081476,18.466450078885913,28.54886846994454,56.00183612577462,0.7255302563024529,0.9644392825760512,93.4694171052282,46.20657652283265,75.79814615704862,78.1960064264402,0.651079091220796,0.9319243299599563,95.29254342797326,36.24725264559063,1,68.95729536019614,95.98347486802847,0.561986305867866,0.8790649559411883,68.54935578580866,25.49113370401822,1,48.58829982280577,99.90819371126922,0.502460486196066,0.8339528469202957,52.158277943856305,19.629683412455186,1,35.51461911814911,48.427817305485426,0.7532242151418961,0.9646136440004965,139.92924913173601,54.47136886850266,1,103.47994423915388,69680.32212465844,Sahel
14,32.25294650951949,0.7914603365251341,0.9558487715071861,140.4563989286355,66.5139634265736,1,114.54256850621083,47.257479601087944,0.7146088515331491,0.9201791291834358,121.6552506059644,51.33183710884786,1,97.83638712890075,62.05802357207616,0.6474238822721907,0.8849256166620808,108.0,40.01636313255407,1,84.0,22.66545784224841,0.8428182297716559,0.9750863457017814,150.62536307010186,79.48890958151779,1,129.55307792561317,58.77153218495014,0.6959801865717514,0.9364003874510901,121.6552506059644,45.813956688770084,1,93.15354838118336,98.20942883046237,0.5513600946366262,0.8812381460766391,63.22290879592696,24.906335256514172,1,44.721359549995796,,,,,,0,,35.99274705349048,0.7887713244525585,0.9669556682465443,133.5065541462291,63.376614418826435,1,112.64102272262978,95.10426110607433,0.6292439279763021,0.9320735833995312,59.93388922391684,32.244624963199556,49.82362850370829,100.0,0.5382230209401945,0.8761878938639674,45.03136503896863,22.70918971198313,34.973330681671015,100.0,0.49031265442747635,0.8315449914856783,35.54687026154056,18.539504861242843,28.468632120128273,55.711695376246595,0.7272677647283904,0.9647445571240624,95.45852534286232,46.46259949590498,76.03730629042505,77.9011786038078,0.6520624891558062,0.932626788792155,90.24578250572314,36.48056243499972,1,70.02716427139158,96.4868540344515,0.559770077289479,0.8794218330146404,65.65846704765154,25.202199226213033,1,47.19978496632938,100.0,0.5025860754533434,0.8350707296925598,48.87923294249347,19.625476760609633,1,34.87470387006521,48.48141432456936,0.7527792910051876,0.9650296390023885,145.18586592801515,54.08260291627021,1,101.39457084476608,70828.52168911687,Scandinavia
15,14.00618947788759,0.8936838802230292,0.9807437352122396,238.5623608199751,117.72022877102562,1,202.4252948620799,20.894479385045422,0.8513038974944687,0.9650443260042709,233.64930986416374,101.41823767878829,1,191.41577782408638,27.393431167016075,0.8128943631139575,0.9492753020480804,209.72362766269327,87.84287056551956,1,172.74258305351347,9.903164620145752,0.920196652533558,0.9891486843734976,258.549801779077,131.91330537938208,1,220.29071700822982,25.616452031546373,0.8362677593254677,0.9718768530207221,220.61731573020282,91.18537791110415,1,172.74258305351347,44.684037136867325,0.7432142128679774,0.9450776827774815,174.72263734273244,61.51511236924492,1,129.602431523831,63.122691424578214,0.6659641262299086,0.9186333178676622,150.57224179774968,44.80039120617911,1,108.81176406988355,15.753219526804433,0.8897416074601079,0.9853736550632417,234.36723320464404,112.76810574435231,1,198.63534428696218,48.956773485075374,0.733879927502895,0.9687820881681943,95.19266346889543,48.736855555377865,75.93327313952896,89.58770090845563,0.6376735067090673,0.9391132991858754,68.04223341308474,34.339047299917674,53.21577719855191,99.570729759409,0.5834709897353009,0.9116102698464676,57.77489263122043,27.966122823995725,43.08046268322734,24.358590396326246,0.8243237215630337,0.9842751131956854,132.07619479247586,69.38074056913844,109.58407556348146,47.79874213836478,0.7490917411135923,0.9687282739922752,131.82398446664547,54.31645967293057,1,102.53654138580895,74.52331037236698,0.6599681723493989,0.9394104005520875,107.3983991158475,38.84812518967263,1,75.26123620908409,91.64420485175202,0.597970651166226,0.9121280093845652,83.51517113010408,30.065944081267514,1,55.836047982074426,24.438454627133872,0.8396871762916776,0.984245431157706,220.38882192915727,83.71377104485671,1,161.86306834614552,160246.44200324346,Patagonia
16,22.696301103179753,0.8400733543176847,0.968924136949293,172.18594600024707,84.72302293967631,1,141.8731828077456,33.30629461388709,0.7787620033906755,0.9434380921021885,148.8086019019062,68.54650769700774,1,122.6637326592268,44.28942245295263,0.7213961519432724,0.9175807133332284,134.16407864998737,55.63803430739217,1,107.70329614269008,15.898767034393252,0.8801056949480878,0.9824888802123956,179.64409258308496,98.06444783799198,1,156.0,41.54769630110318,0.7582168444995367,0.9545831078742372,145.43727170158274,60.237050479621985,1,114.61239025515522,72.58273848150552,0.635346674429784,0.9112393297637175,97.40636529508737,36.18343839134616,1,76.10519036176179,96.73913043478261,0.5422290488833195,0.8726661517743473,66.57326790837296,24.209914195473253,1,46.63270779841997,25.16223231667748,0.8362304662506402,0.9764858532551163,164.92422502470643,80.28235405648552,1,133.5065541462291,77.20635950681375,0.6714083216318254,0.9501412422221815,79.64565037130626,38.357978572837716,60.658419203698664,99.85399091499026,0.5765771562110081,0.9056547910810367,53.56696229080765,26.823842217160777,41.14063584728556,100.0,0.5262761660619586,0.8679697679032348,41.56564682364203,21.90832734059163,33.681193705825464,39.828033744321864,0.7671216391049304,0.9745685328994217,112.22079419152386,54.456388090863086,87.84149699343976,67.35885788449059,0.6923596434700866,0.9502916075877833,120.93633066316504,43.07319598495827,1,81.23503166323955,88.38416612589228,0.601327976302031,0.9076174491904112,76.50218688164473,30.296868922875024,1,58.1826378060183,98.58857884490591,0.5410126460154888,0.8700980318844282,61.24113261582576,23.440044372350265,1,42.02275175434656,38.562621674237505,0.7904178344709453,0.9746733062831652,167.36905114757644,64.84062135367242,1,123.26881700550821,98444.47966398142,SE Asia
17,40.73966220151427,0.754615466867013,0.9440352910901904,124.0,56.18870532891611,1,100.07996802557443,61.182294700058236,0.6614107725102087,0.8973152741753114,101.27191120937731,40.63847994311811,1,81.58431221748455,79.32440302853814,0.5855049018009709,0.8517555383460022,86.16263691415206,30.03319767248021,1,64.4980619863884,27.955736750145604,0.8168729582772672,0.9688928027633438,135.88230201170424,69.40077268786402,1,114.80735780273716,72.24810716365754,0.6505012692153197,0.919301576975661,98.95453501482385,37.16845920583368,1,76.4198926981712,100.0,0.5164218641754609,0.8576152826833768,43.08131845707603,21.31003787883139,1,34.40930106817051,,,,,,0,,45.95224228305184,0.7511616685616183,0.9575586154312226,118.1185844818672,53.21896236417014,1,96.16652224137046,98.89341875364008,0.59869236816006,0.9151247349509682,57.723578806030694,28.551058716613486,45.025025499297065,100.0,0.5107399229661174,0.8502881797684811,42.52085374815761,20.13489239319364,31.372520937836143,100.0,0.46502736785525955,0.8020557621550868,31.991755136194463,16.394617471379696,25.554046838724165,70.70471753057659,0.6951832196501921,0.9552579311870663,78.31910148460253,40.45176373725535,64.45151667532228,85.38147932440303,0.6237938453874217,0.9163877082670128,80.72636768570086,32.127934551161964,1,61.37765347891253,99.18462434478742,0.5347895691232264,0.8558902483477486,60.383616691181764,22.45187998950071,1,42.283754229853045,100.0,0.4763976688083539,0.8059009078946754,44.23181661634283,17.271835620186,1,30.23217055347694,56.202679091438554,0.7257217133399887,0.9557170035306478,124.5878507975199,47.939472937796495,1,89.95401710362256,54920.80641617242,Tropics
18,37.583712831502815,0.7704465663257896,0.9484256255555665,137.92751719653333,61.568061794086645,1,116.82465493208187,56.067506027323866,0.6853315002360854,0.9061972306121856,125.53883861180172,46.421409373265,1,100.23971268913334,71.52424323600322,0.6146943812241086,0.8651451259099223,106.73331251301067,35.48234491250849,1,85.0411665018772,26.57380123225288,0.8260844470247651,0.97076806924652,153.1012736720371,74.29950881826139,1,132.54433220624713,65.0950977765872,0.6710028193039224,0.926804516905418,127.12198865656563,42.979075963393214,1,96.46540109370554,99.9464237878382,0.5328234730618886,0.8707651761006967,51.494726093018116,22.9560506164292,1,38.48504587172443,,,,,,0,,42.27163139566032,0.7681088458056483,0.9611443774047531,146.75149062275312,59.058097474208274,1,114.83521030953443,98.392713635146,0.6109696068677865,0.9213782891460978,58.29278493164054,29.712027080468896,46.02685260322706,100.0,0.5216231954497824,0.8601206011556034,41.48112278170531,21.055554897070007,32.82914252094699,100.0,0.47468874511361847,0.8129941163999072,35.46268774673214,17.11489498556395,26.39683394852423,65.6576480042861,0.7070803746926521,0.9587266665115587,82.12801382716864,41.998318079135046,65.01889627231625,78.99812483257433,0.6404222934798821,0.9233160243078414,96.65122236294305,35.348062349775795,1,73.33606702390074,96.51754620948299,0.5503890525734709,0.8652461358016085,65.02768685813669,24.065574066679932,1,47.765051805582274,99.9196356817573,0.4895117792222956,0.8176492707241043,55.19037909731128,18.345356453359557,1,33.53556066258766,54.62094829895526,0.7352748373486826,0.9590758833408563,117.47152905501999,49.801134574541486,1,94.00879353195633,59797.61238179821,Kansas-like
19,17.987726924060343,0.8685432142707856,0.9753401945435584,190.03157632351525,99.8635249686975,1,168.04761230080004,26.97519815903861,0.8153774834691913,0.9545743929035427,181.8130908378162,82.89208577586281,1,152.31546211727817,35.00383533623114,0.768843012189298,0.934569449300897,158.4929020492716,69.81843026694847,1,134.46189051177288,12.61825620046024,0.901224989712647,0.9859626968835993,209.990475974507,113.53690498288506,1,184.91078930121952,32.61314241881872,0.8003173253278121,0.963972590220201,176.40861656959956,75.20235670353237,1,145.59395148140896,56.430580414216315,0.6939317663313569,0.930081185975876,130.23056476879765,48.69568236862177,1,108.07034625440784,82.2040398874968,0.596786139187156,0.8959838154214608,100.0,31.469638106204666,1,69.85699678629192,20.173868575811813,0.8638841674384035,0.9813371181762942,180.0,94.52820667882429,1,161.04657711357916,62.32421375607261,0.7032984494861231,0.9602741704176262,87.50518089790525,43.58221827914656,70.2395142605633,97.66044489900281,0.6060732157732595,0.92345496627717,62.52198164826361,30.35466366251322,47.26502025540295,100.0,0.5533914823044849,0.8907056611833385,48.19263698393404,24.68566421525339,37.93684426151967,31.43697264126822,0.7956673500412229,0.9798939058379897,120.67341911867031,61.445782459022176,98.83165594306658,58.284326259268724,0.719632165315301,0.9601672655591255,124.49469165689477,48.086880818865524,1,89.82848567286767,82.33188442853489,0.6290221244914838,0.9243492436035933,90.55132313002643,34.086094697438966,1,65.21617299965035,97.5198159038609,0.5650474633203201,0.8916843820834482,69.90392253042174,26.059643766071645,1,45.27488354775056,31.43697264126822,0.8143515278703427,0.9798795649842956,178.07921142197588,72.11038162253463,1,133.210847255098,125110.15041746738,Sahel
20,56.54977831519549,0.6958305947667731,0.9223889559376873,87.72684879784524,43.09512958460229,1,76.4198926981712,83.63563079403467,0.5896139028241161,0.8591238364515426,75.47184905645283,29.32805263742756,1,60.0,98.54897218863361,0.5068688756404024,0.7997802043368253,57.271284253105414,20.37629184537125,1,44.721359549995796,39.9838774687626,0.7682318448213926,0.956108941878354,102.52804494381037,55.00413845775891,1,91.21403400793103,93.75251914550584,0.5810729155590271,0.8925442311952836,67.05221845696084,27.080540791924815,1,52.0,,,,,,0,,,,,,,0,,64.61104393389763,0.6953059084368932,0.9416695977720541,89.44271909999159,41.14413658410776,1,72.99315036357864,100.0,0.5602459287933493,0.8886687601852715,48.0802164156073,24.25161464092826,37.94522531603913,100.0,0.4762955954666868,0.8131497988727698,32.174475091888446,17.032678839222545,26.141722919511718,100.0,0.4336179715248687,0.7610184530885877,27.136180691021615,13.926122857872192,21.419868258643568,86.29584844820637,0.6558233754069834,0.9395462153404578,67.2942584370075,34.73188248671496,56.404922763081885,94.35711406690851,0.585133921833612,0.891498021060641,70.13346950305025,27.093293426173187,1,50.581921528011726,100.0,0.49750496364189595,0.8211210345544717,44.38851123927526,18.84095815526542,1,34.83757045208562,100.0,0.44483711633596734,0.7667754490707902,38.62963417872766,14.715325031037194,1,26.012413095711064,68.03708182184603,0.6885818726285494,0.9409535515594517,100.7898822476548,40.601958278383556,1,75.89799847244772,39705.3827177949,Scandinavia
21,13.714230095386412,0.895701195973557,0.9809919235300895,243.50770008359078,120.34848883213283,1,205.12433144669154,20.342612419700217,0.8546359960070903,0.9655869687883257,220.61731573020282,103.23623693389845,1,187.01871564097536,26.970994744014014,0.8153320964337308,0.9500910249280696,204.9780476051033,88.78719805518948,1,169.8493316408083,9.859840373759003,0.9210773552093295,0.9891381681348984,249.47945807220282,133.09498800698498,1,218.28421839427605,25.034066575822468,0.8394772310361015,0.9725695637241615,209.3800372528384,91.84878265435928,1,170.88007490635061,43.56628382324314,0.749636863494879,0.9464904299255488,170.88007490635061,64.1024367352208,1,134.16407864998737,61.796768541950556,0.6720051613691227,0.9203937514155953,148.05404418657398,46.28616790586013,1,110.92339699089638,15.43702550126533,0.8921433888279889,0.9858449827559862,228.98034850178738,114.61167182019071,1,197.5854245636555,47.654272921938876,0.7363415784376214,0.9695505431792012,98.41159740282569,49.23347398824784,76.93490590387805,89.04029589254428,0.6404935011223687,0.9404264581621332,71.2063793136794,34.74281003091257,53.898633836367196,99.58146778275257,0.586172135543964,0.913569924270017,55.7011540258329,28.26316562325533,43.197690217626146,23.895269612614367,0.8267361399784732,0.9846737867433951,153.02993491507516,70.44162405534242,113.24179600358441,46.291609889040295,0.7536945383328308,0.9695311950179132,151.58947483981262,55.51082271134758,1,103.80930379860177,75.00486665368894,0.6600307345348798,0.9408548808031595,102.83180179277787,38.89428965549923,1,74.32010840565195,92.047887872299,0.5998360505230979,0.914098541748839,81.0512897634986,30.2919995064545,1,54.39492019590939,23.95366945688145,0.841862801299748,0.9846739260466831,194.7121469714221,84.0439094735226,1,159.99625571809457,164461.60155839764,Patagonia
22,13.320719016083254,0.8986093243436868,0.9815378517136053,249.73586046060746,123.48698095271527,1,215.25798475317936,19.716177861873227,0.8588123278900404,0.9665640710211553,242.42112119202815,106.56586819406627,1,197.9090700296477,26.158940397350992,0.8209521527727869,0.951461684858791,223.03362975121038,92.86823772728908,1,181.10770276274835,9.574266792809839,0.923300994027718,0.989455557837384,269.69612529660117,136.72477102010512,1,228.0,24.626300851466414,0.8432059888558974,0.9732473684861123,226.4155471693585,95.7539245708763,1,182.82231811242303,43.13150425733207,0.7542101255940683,0.947762041978152,190.1578291840754,67.0024042136554,1,148.05404418657398,60.53926206244087,0.6778815371324969,0.9224973388796051,160.0,47.921333826167206,1,116.61903789690601,15.156102175969727,0.8945014173269306,0.9861677346156097,254.80973293812778,117.5145516179179,1,208.806130178211,46.45222327341533,0.7400263800231942,0.9704048986079105,99.72198965073925,50.04495110395611,78.40519991023017,88.13623462630085,0.643745409718471,0.9419597295587269,67.91330014749211,35.12535038295654,53.98000446085192,99.45127719962157,0.5895258514885273,0.9156366905696758,56.8844542716003,28.648412553395154,43.78502945824352,23.292336802270576,0.829270464447538,0.9851158194927188,141.41971694152167,70.8360674560577,111.73473482600842,45.31693472090823,0.7564818931517155,0.9703911073410093,147.93728475140134,56.55132245448903,1,109.73762045661,73.62346263008514,0.6642146820843109,0.9424316622529181,106.7301793496364,39.31460997207832,1,73.75051295256041,91.25827814569536,0.6032485899847655,0.9161819319006697,80.82826556168204,30.752884006976284,1,56.53811685830692,23.2639545884579,0.8437426600726129,0.9851020160723016,194.06403627000287,83.50136340812534,1,152.42778974042747,169079.36995892276,SE Asia
23,22.481239022832508,0.8427562657531527,0.9690898474534135,180.17769007288334,87.43087211443081,1,155.79473675320358,32.9714194475491,0.782757867108207,0.9438180715936938,170.31735084835015,71.45277844139437,1,136.92625303528018,43.52546702858055,0.7277033061566086,0.9187673175600717,152.8397853963424,58.382838686131905,1,121.41822720529773,15.918888711480122,0.8811021967466387,0.9824572267133126,197.46392075515973,99.80788665921516,1,166.5172663719892,40.252275267443714,0.7665947525793795,0.9555317007434241,175.86358349584486,64.7076008094848,1,136.4990558870483,69.88663579754112,0.648106880594046,0.913225879227318,129.55307792561317,39.96065406136168,1,96.33275663033837,97.3495130129331,0.5435836576366132,0.8741933603533404,73.7563556583431,24.256872156645226,1,44.721359549995796,24.588855181223057,0.8406672142287706,0.9769471098836456,179.10890541790488,83.58171795765287,1,148.05404418657398,76.19351748363404,0.6740157741425782,0.9509315511157541,77.57106832135226,38.5380985277224,59.99749257423165,99.8083985310554,0.5797594081903327,0.907157406931686,54.153253598765914,27.143859152809043,42.14490564556822,100.0,0.5286999664335473,0.8697919956351504,43.47355576372005,22.107351215498383,33.969608317153885,39.16653361009101,0.7704775135478046,0.9749834555749435,115.21902310304229,55.2451096472046,89.10552851960254,66.45377614561711,0.6970857112890889,0.9511456926274676,127.95364541817207,43.81388559001007,1,87.14933903936222,85.31055404758104,0.6090434034742208,0.9093380436165168,83.40407467799719,31.241959492771706,1,61.21077289205071,98.27558677949865,0.54073493589357,0.8716298276325822,76.23642924013872,23.526335581517326,1,42.278610547897586,38.06482516365959,0.7912488244149615,0.9749939760987795,149.33815659468405,64.14942648237383,1,117.5965693932,100112.46084371029,Tropics
24,37.42298419501741,0.7714038131662876,0.9482164824514177,149.34523762075577,61.78643193994883,1,116.35802418938869,55.61210822394857,0.684682213078466,0.9056984557774534,134.937022347464,45.70947198156888,1,95.0789145920377,71.17599785695151,0.6141505845986391,0.8646573245903307,121.85236969382254,35.84259383466893,1,84.8528137423857,26.654165550495577,0.8251651013126226,0.9705131286054717,169.799882214329,73.93073573267425,1,130.78226179417453,67.9078489150817,0.6656838156257668,0.925461505513515,100.07996802557443,39.518370835674816,1,80.09993757800315,99.732118939191,0.5276461111082636,0.8660967737494373,53.665631459994955,22.493160762989245,1,37.953756257412216,,,,,,0,,42.40557192606483,0.765935348457246,0.9609177055935977,143.61058456812992,57.53430281492982,1,105.67875850898325,97.9641039378516,0.6094250900133575,0.9212480576214859,58.002492200993,29.775833552705915,46.631480587183496,100.0,0.520483367206642,0.859522674013727,42.08566471521396,20.990751390565283,32.664572137294755,100.0,0.4736936403025501,0.812265272516945,32.93469142039954,17.078486088954293,26.38615093630692,65.76480042860969,0.7056692566893137,0.9585264420382901,79.21229163869283,42.10043322967592,66.40162072925185,82.13233324403964,0.6367086034395539,0.9227385642421413,83.94210897473067,33.86778343883793,1,65.38094738783442,98.0176801500134,0.542806333666375,0.8645289186258414,68.58204935801407,23.39701076427807,1,43.48163059260917,100.0,0.4861468562776403,0.8162463211812911,47.096062953794686,18.053913493095497,1,31.96872870249242,53.388695419233855,0.7359993900761408,0.9591302551356417,118.35275870090081,49.879783361829915,1,94.22298668249455,59729.980387120064,Kansas-like
25,37.54395455774953,0.7683701894911814,0.9481769334958959,137.7534028617805,60.03237782288092,1,107.48023074035522,54.82823911279415,0.6868525547766912,0.9064603960720167,117.71151175649729,46.126560688287434,1,94.87670830163756,72.86989450906141,0.6111081991237323,0.8640160992734864,111.13955191559843,34.364832463116905,1,78.79086241436883,26.7243711117122,0.8244397908254947,0.9706406754544379,153.3101431738944,72.77823266172523,1,125.02799686470227,69.2453340546389,0.6628304138576663,0.9245447256060964,101.19288512538814,38.72755384089382,1,76.94153624668537,99.29672707600757,0.5322912270203192,0.8688802514848155,56.051424189905504,23.166310112465712,1,41.051615396332956,,,,,,0,,42.81850148769272,0.7635444822396588,0.9607749781635259,136.93794214898952,56.54581494431037,1,103.76897416858277,97.78198539356234,0.6096629569236447,0.9208610717676348,65.06969906377745,29.839323664298707,46.978441077158784,100.0,0.5191696007735955,0.8584804505495812,41.64958512161151,20.867703794997187,32.3243741400413,100.0,0.47246092640033455,0.8109785096476242,33.21969105515129,16.98027971489224,26.19314728652635,65.86421422775223,0.7049695986808889,0.9584427828327587,85.08759575810386,42.12362533895372,67.52649658038385,82.9862050311063,0.6339960019293134,0.9219397787649957,89.70046133993723,33.61975513342571,1,64.24710974834255,97.80903435217743,0.5447477665073382,0.8635449718487855,65.68736294936589,23.51987351701921,1,44.67983529644755,100.0,0.48775369127974677,0.8160739159817103,49.54792393598559,18.268478349170923,1,34.033088148333505,53.90857451988098,0.7344419785110985,0.9586452812348913,119.1069096470678,49.52550466685946,1,93.81454321032143,59237.65371126934,Sahel
26,9.66816878328554,0.9243265897779513,0.9867212501200326,282.41812972966164,149.74385040895754,1,251.20509548972132,14.235968865219172,0.8944013242906759,0.9759417331225223,261.4727519264675,132.38402947256841,1,230.87658846095576,18.69452410214393,0.8665345647031817,0.9652967964152159,249.47945807220282,118.50364719050015,1,217.8072542409917,6.827802813054759,0.9432671700910743,0.9924994894490515,291.67104758614624,163.42202270732912,1,265.2168894779111,17.48600300423324,0.8830514787970184,0.9808267742070622,257.6198750096739,120.95965363957741,1,215.40659228538016,30.622695616550594,0.8135014760093979,0.962487424510805,211.20606051910536,89.30312920325424,1,177.66260050942589,43.36337566571078,0.7514040015056905,0.9442014635103754,188.29763673503712,69.00889592493854,1,153.93505123915085,10.808411853065683,0.9216194198627602,0.9900755334045259,278.5677655436824,144.05793983209574,1,245.40578640284747,33.58596203741636,0.7803761722009592,0.9785259633444494,120.61858892282218,58.73401037858147,91.15467435447908,66.9192953707497,0.6858628886534228,0.9574557492656668,80.66414133707286,41.37877434854369,63.68173271548375,91.33551823023352,0.6306603923246846,0.937350221461175,64.93291266728437,33.84578050967107,52.36736949710246,16.72811689198416,0.8635003170059912,0.9892252066256941,170.44930309961944,84.09596388200218,135.65751357118108,33.517684009285816,0.7928007931462603,0.9785015935726769,170.53687374362363,66.14194645483549,1,125.69587452541182,62.023760753789425,0.7023482683686224,0.9575332261892595,118.53045464582235,45.79078606799519,1,85.04701007882483,82.79393691110201,0.641393094991857,0.9374460260838561,94.82042108020279,35.91989258842674,1,64.08447784126842,16.74177249761027,0.8728721263472954,0.9892447804449133,250.4148011876563,98.32808476895742,1,180.18485756429774,234373.4259008936,Scandinavia
27,21.46628450746719,0.847979922568303,0.9705223050159145,201.3156725145859,89.35493197883527,1,153.3101431738944,31.452707799064715,0.7902919559298281,0.9465447645403835,176.0454486773231,73.76331119846733,1,138.85243966167826,41.3033640066375,0.7374562873977913,0.9230401513235139,153.88307249337075,60.31366979518653,1,119.86659251017358,15.085231558304422,0.8858077621991272,0.983329973043028,204.0,102.24971799590298,1,164.92422502470643,38.663448483934225,0.7725528589147043,0.9575802175908051,169.799882214329,65.5139673438762,1,129.98452700967613,67.49132599185398,0.6542530856851647,0.9171934838736959,128.9961239727768,40.04909107438359,1,88.0,95.98732840549103,0.5516739318061354,0.8792548683031736,74.76974757565822,25.208466100651037,1,48.16637831516918,23.231256599788807,0.8468804743317243,0.9781521353213859,180.0444389588304,86.04239649120044,1,150.24245030786346,72.99743551063509,0.6812120900389353,0.9534957244112687,77.56926399754066,39.6853554770237,62.61530328314681,99.71338060039223,0.5858399479967796,0.9113499520891689,56.2362660275003,27.78116865664496,42.54143806362997,100.0,0.5352360830961608,0.8754216854871776,46.743313559832536,22.76740114562483,35.19369814057907,37.03424347563735,0.7777045983934507,0.9763356039487917,111.60637631487191,56.72786378112306,90.45047280832097,63.659677176044646,0.704294656122872,0.9536531886628731,138.51981485637802,45.99130056675873,1,93.60591084639637,87.64519535374869,0.6085708689638712,0.9129861041762063,82.23396354161754,31.083222559774626,1,58.806961680228426,96.07783979484084,0.5510592242684279,0.8774508720633989,82.23396354161754,24.72868385265206,1,47.43760616671713,36.40066375018856,0.7970966401206147,0.9763477416620259,161.1370263039932,66.15681790263463,1,122.49258789989167,106039.77840809463,Patagonia
28,19.182136131288672,0.8614472078962291,0.9738184910998561,199.2786993132984,96.57659179395169,1,168.04761230080004,28.436911487758948,0.8072936066228142,0.9522417094463457,178.39282496782207,79.81483796297705,1,148.64723340849636,36.83077750874361,0.7601879490219767,0.9312907133778326,167.5231327309754,67.78503214975426,1,136.5283853270081,13.411353241861718,0.8964927114380178,0.9852886945379643,216.81328372588243,110.65079370121107,1,184.39088914585776,35.01479687920366,0.7891028991203897,0.9619791069371538,164.43843832875572,70.20887208539567,1,134.1044369139217,60.54613935969868,0.6792124998381898,0.9258483796668014,115.44695751729449,44.849552766513625,1,96.66436778875658,93.13962873284906,0.5699372058923589,0.8893896262726578,80.87884037154576,27.156622347555185,1,53.13343546648332,21.44202313693839,0.8575919388385357,0.980349589362649,193.08029417835473,91.88979531573824,1,161.83942659315127,65.41565778853915,0.6960191941875121,0.9583386457820816,85.58378567507941,42.135364151548806,66.31623725922209,98.92386333064299,0.5998834240987044,0.9199289142395609,61.11847872866212,29.50790948439359,45.62950101321108,100.0,0.548441094462987,0.88650516253876,47.71953103004916,24.14678992889675,37.07544058951009,32.91633037395749,0.7904714851988828,0.978892164271094,118.1307601534489,59.927057437196844,96.09364237258065,59.69868173258004,0.7171597316678396,0.9583881006035289,133.52938448187393,48.30948267721693,1,95.60998962377933,82.015065913371,0.6263978799842673,0.9210984723944957,85.92693696563916,33.60475800817573,1,65.32005316649618,96.98681732580037,0.5613615322532662,0.8874684112826678,72.49209758818465,25.61595979354713,1,46.23591740067554,32.82216841538875,0.8081884434077886,0.9788313768269236,161.18019453409474,68.75189726790195,1,123.40687680821166,118945.84519254831,SE Asia
29,17.35323137641835,0.8727617809960974,0.9762523474347106,217.80725424099174,103.03020384250304,1,176.1817243643619,26.02368031573754,0.8214954315435908,0.9564485563579511,195.3458471531965,86.39704852945886,1,161.78998732925348,33.769116921558954,0.7761625881309182,0.9369827010470655,194.81273059017474,73.36108180295962,1,145.41801577311026,12.173162308830785,0.9044192024004579,0.9865656676998383,236.9134863193736,116.67515416868659,1,192.40166217228108,31.709422792303897,0.8054923507653277,0.9650411136586043,191.2066944434739,77.49718632289019,1,151.2084653714864,55.06906758756783,0.7016983158269899,0.9321062848051688,151.2084653714864,51.500121414333954,1,118.1185844818672,78.97138628515047,0.6073747743609602,0.8992798650463036,116.61903789690604,33.12062463814029,1,73.7563556583431,19.647261963492845,0.8675742319237209,0.9819016386883905,220.14540649307224,97.90899508880054,1,171.57135164392756,60.409472126295015,0.7063363946630604,0.9616901421605543,88.11070760967812,43.792102288277995,68.13880747494916,97.48396645288604,0.6110824004699928,0.925969201612563,60.28503683493734,30.868826769900405,48.0550231649515,100.0,0.5583593444302186,0.8943047766879477,49.24796854032403,25.201933567436942,39.04791706141041,30.229403058707447,0.7995402896964452,0.9806114402148969,119.20198463190489,62.03995436796904,98.41335530810598,56.98075974346325,0.7232574212174242,0.9615034209078103,129.78066400470487,48.54133438832755,1,89.10669424364066,82.3754316724223,0.6328274234630004,0.9270354681248678,115.46290757971407,34.89716138335112,1,67.87501343888997,94.84459792797237,0.5727560647576005,0.8952324306746495,79.74529304367893,27.11891793909166,1,50.50101859365458,30.340404538727185,0.8186761551005847,0.9805479860519626,185.46118942812666,74.79142621257952,1,144.69228636421468,129777.454234187,Tropics
30,10.279746363297278,0.9193003159443025,0.9859308628199527,277.1569952211201,142.1665040071012,1,237.2172000509238,15.233121969414398,0.8874464309495449,0.9743865811351584,264.8471257159496,125.31881394978437,1,220.32702966272657,20.082058933233867,0.857321950791113,0.9628846894952375,255.5621255194126,112.01912306374591,1,212.03773249117714,7.467362924281984,0.9383281199371328,0.9918320879395979,297.3213749463701,154.75676038853604,1,251.00753040036992,19.134651249533757,0.8731574101204859,0.9790862006531016,268.26852219371546,114.00812563922631,1,216.33307652783935,33.099589705333834,0.7994561942678838,0.959054284665078,196.7739820199815,82.23873172738116,1,163.2666530556684,47.116747482282726,0.7333772835699358,0.9389993728246635,186.29009635512028,63.16496834203872,1,148.21605850919124,11.801566579634464,0.9147655118698041,0.9891599981949821,268.26852219371546,134.72848477456205,1,226.06193841511666,36.66542334949646,0.769778215732693,0.9765319942703842,114.74261364305066,56.34396519863255,87.9056635515924,72.54009697873927,0.6746049858109111,0.9537296094417165,81.15000763798439,39.697809304629864,61.841158447025876,95.4419992540097,0.619056369129412,0.9319383285148153,68.14309951763033,32.310032073013474,49.57464140707888,18.27676240208877,0.8543393907905934,0.9882418144284167,155.46867431081543,80.11655365391806,128.22415482930558,36.329727713539725,0.7854769961760282,0.9765230411446976,158.8643242290652,64.22494731037864,1,124.91887523127834,64.74449832152182,0.6953446044556726,0.9537751628923871,113.48823650225222,44.732784531301625,1,85.44437501125219,85.84110406564714,0.6318182984057406,0.9320248921551836,86.54320210667942,34.41961166705101,1,62.11354022056618,18.306602014173816,0.8654138655168009,0.9882051618008659,237.6608482651628,93.82905227476404,1,171.19627281301703,214566.09923997117,Kansas-like
31,15.185504745470233,0.88727486410532,0.9791841034322262,257.4024086911387,115.44546756697989,1,204.78281177872327,22.271354616048317,0.8434213209165767,0.9621528157768136,232.0,98.51763126192353,1,186.07525359380813,29.292493528904227,0.803450639174444,0.9452614616105957,227.75425352778814,86.0657051515931,1,173.6663467687393,10.752804141501295,0.9149918730899136,0.9882075495351735,261.74797038372617,128.05071161693607,1,215.0348808914498,27.94434857635893,0.8271319655763206,0.9695916974079708,208.153789300123,89.6833735229406,1,177.08754896942924,48.46850733390854,0.7327478394782573,0.9406925740144625,178.2133552795637,61.09537870112332,1,137.63720427268203,74.87057808455565,0.6281676551649997,0.9106940675026196,125.02799686470227,36.84686601646247,1,84.8528137423857,17.094477998274375,0.8834381294720952,0.9842452347044192,256.5618833731932,110.67906971504596,1,200.55122462673455,52.77178602243313,0.7238266625418359,0.966373033502708,94.51547045994533,46.91434458947959,73.31970432942808,93.86324417601381,0.6277059419790051,0.9345408975766063,65.67390407893184,32.92072844086546,50.88112066525085,99.96764452113891,0.5739571291557051,0.9054417361993137,51.776779006951905,26.830152049043324,41.067867030094284,26.434426229508194,0.8149337116481287,0.9829990761273337,126.71723360162014,66.14823969751154,103.57886157099675,50.49611734253667,0.7425876656172886,0.9663683712427376,137.71157317282302,53.44300406808068,1,104.6740122573418,79.50819672131148,0.6475414061245593,0.9349532659392552,93.71679823749929,36.439725043390496,1,68.5945128114897,94.27308024158756,0.587099352112276,0.9063546391488448,74.51988586031352,28.70684560925699,1,51.33411643467147,26.49913718723037,0.830386635252292,0.9830114959591824,169.1802794740662,76.7428840386833,1,135.05588968069443,148360.65601292354,Sahel
32,59.301346801346796,0.6921135280417493,0.9182700965661618,128.9961239727768,44.11980299988747,1,88.97148970852146,82.57575757575758,0.5855804294167088,0.8536952711455988,111.42710621747295,29.891630407104028,1,67.91168824543142,95.03367003367003,0.5018732806959806,0.792256630449902,93.29523031752481,20.775384996796312,1,49.47726750741192,42.63468013468014,0.7625815266294488,0.9530659154871255,140.4563989286355,54.83474683134855,1,97.32420048477151,95.70707070707071,0.5739017589377087,0.8908611075612684,75.47184905645283,26.63025914116707,1,48.392682658636566,,,,,,0,,,,,,,0,,64.39393939393939,0.6991122359260217,0.939841797707459,134.40238093129153,44.342605206183414,1,95.0789145920377,99.95791245791246,0.5576553100769084,0.8857767647632565,51.51101180022761,23.865436882822127,37.612939270272086,100.0,0.4734992726875241,0.8089918295049042,32.000665673549584,16.700230074361677,25.806541126986822,100.0,0.431188604084487,0.7566765996633104,26.133727807673715,13.660674100085194,21.13930503455419,88.42592592592592,0.6532593619632523,0.9377076169136476,70.54512247811552,34.114891915043664,54.32030642704593,91.83501683501683,0.5873510151723852,0.8891717687687711,88.13434123258578,27.7033216367792,1,54.87973972623179,99.95791245791246,0.492380060644739,0.8164143402392202,50.931399816932974,18.28793532633911,1,33.43872659346277,99.95791245791246,0.4464909789886164,0.7638003846024135,50.931399816932974,14.73084437493946,1,27.106640297936096,68.77104377104376,0.6886605684886589,0.9389758843159585,121.40010705316037,41.3168673434502,1,84.86516724192464,37952.38642113359,Scandinavia
33,65.20715630885122,0.6711222163490279,0.9107098043951731,85.60373823613078,38.99606245184939,1,72.11102550927978,91.38418079096046,0.5565872948643967,0.8381382383254933,65.11528238439882,25.19694781273291,1,53.665631459994955,100.0,0.46663413969479506,0.7688909891651454,47.36019011411854,16.596770246791635,1,36.22154055254967,45.71563088512241,0.7496042655616024,0.9494859870045441,105.67875850898325,50.95253231513947,1,88.09086218218096,100.0,0.5523133730437152,0.8834158616890803,49.8688515931586,24.327512616488374,1,40.0,,,,,,0,,,,,,,0,,80.83804143126177,0.6553879127026105,0.9314942642942262,81.60190998725767,35.15085641808908,1,64.09935585100817,100.0,0.5429245786465271,0.8743916922640448,45.2531172815535,22.50466804597824,35.66074687457298,100.0,0.4610504134163689,0.7943746496450622,29.133298149254614,15.776798834764296,24.404697785867743,100.0,0.42000705034092384,0.7409331869413203,28.212057437115813,12.954125746842811,20.17538803060515,92.93785310734464,0.6372853332694101,0.9305757699094117,63.54666500399718,32.06236911923836,51.6314755850503,94.39736346516008,0.5719268602121476,0.8790719583492633,75.46206948998065,25.872568374469928,1,51.338646448552254,100.0,0.485863412149443,0.8053281026119895,47.69121215609413,17.7349244105715,1,33.82774431109724,100.0,0.4310730326301866,0.7475167711453437,34.772709414167494,13.563199408743724,1,23.56244936453494,73.91713747645952,0.67114764452793,0.9325912924165323,93.13825527740666,37.411949825278796,1,68.31221261768219,33935.17925001297,Patagonia
34,52.55883451624953,0.7121202725589456,0.9281160114274375,101.19288512538814,46.6321765987613,1,85.0411665018772,77.13858797161001,0.6079360576745059,0.8687450234146921,82.365041127896,31.901058903505557,1,65.60487786742691,90.47441165483751,0.5294212893567359,0.8140214871245925,80.89499366462674,23.466779933123263,1,57.271284253105414,36.86963018304072,0.781327503483248,0.9596679739998808,123.48279232346505,58.87162462509684,1,100.9554357129917,90.3623459096003,0.5943223575183201,0.8990024981878474,76.94153624668537,28.760703867913076,1,55.71355310873648,,,,,,0,,,,,,,0,,58.75980575270826,0.7125149436481497,0.9464138332351559,110.05453193758083,44.996678630906054,1,84.75848040166836,100.0,0.5698966845047848,0.8955463702698044,49.20044547437128,25.19981495049519,39.59314750042455,100.0,0.4852679816840737,0.8229109960688648,40.03487242757177,17.814738547680594,27.726989422076127,100.0,0.4410275263896563,0.7706901183583613,26.719463892311268,14.460779001335935,22.24119352972405,81.69592827792304,0.666730362102315,0.9438464339525565,72.43874344218193,36.18406127100168,58.49868180938715,90.5491221516623,0.5979814437997312,0.8985506387964654,85.35867321234709,28.985689353472125,1,58.80301021244853,99.66380276428838,0.5149961757275449,0.832111358123638,55.30301678936735,20.456090293179447,1,40.399322846711975,100.0,0.45203413966128997,0.7761357633870724,44.926404511805465,15.24356412984502,1,26.336858852482486,65.59581621217781,0.6970888781265551,0.9448316392020889,98.65372585687446,41.87912120855867,1,76.82824355169332,42777.962672038324,SE Asia
35,40.323037687730235,0.7594902911122896,0.9449927115254599,136.0588108135596,58.2681944504251,1,111.57060544785082,58.77018985548313,0.6753261098529498,0.900694241399339,123.48279232346505,44.52708977565544,1,97.89770119657787,72.65514310002834,0.605250442759173,0.8582420027789087,110.92339699089638,34.66945327411116,1,85.0411665018772,28.336639274582037,0.8187004553571036,0.9687407542088402,153.67498169838836,71.78935733081856,1,128.17484770049347,69.79314253329555,0.658551151515074,0.9220710946105581,112.0714058089752,39.29960734658046,1,83.40731451746632,99.85831680362709,0.5248393649638478,0.864374779963051,52.94158029997138,22.405078517278287,1,38.394531491255755,,,,,,0,,45.168603003683764,0.7608240762186943,0.9590029693595233,150.57224179774968,57.76813765191142,1,117.64352935882194,98.46982147917257,0.6027732938792321,0.9173516052719329,56.412822940600826,28.948567264197212,45.62314993244797,100.0,0.5136219637336005,0.8530903362483759,39.2514903281805,20.288642773960426,31.060853657594784,100.0,0.467526833127009,0.8050806185922361,32.11936052153769,16.552833778209692,25.234817475089528,69.31141966562765,0.6984228247405526,0.9564471020397295,83.06169423330569,40.76678585155888,63.33656496881804,83.98979880986116,0.6302233358414038,0.9190390221607668,85.57119795390614,32.98273272200929,1,63.34240795647415,99.34825729668462,0.5330110229945917,0.857846678063188,57.84907021163174,22.267519880315955,1,40.72707345093428,100.0,0.4845113639268141,0.8108563022864989,48.71739929225352,17.91861280363092,1,33.25766845966684,55.596486256729946,0.7299636471813882,0.9568156403536155,113.652654856915,48.48111879711704,1,89.25449208299584,56495.16504774691,Tropics
36,18.192278189721296,0.8668587613143032,0.9749553492716796,202.3857702507763,99.04246876227286,1,165.72020566999026,26.655586806443367,0.8155862781128375,0.9546386384150694,177.08754896942924,82.3824200903676,1,145.38225476308997,35.00383533623114,0.7685340284664259,0.9346901054872397,153.3101431738944,69.204489625519,1,130.23056476879765,12.784454103809766,0.9000831402562818,0.9857990354708656,202.3857702507763,112.00253785811985,1,176.58085524377523,32.88161595499872,0.7974890722631367,0.963936280672659,161.9876538505327,72.7806834435828,1,135.35139452550905,57.69624137049348,0.6885823783139917,0.9296890756912197,121.6552506059644,46.93020845854251,1,99.03534722511958,80.35029404244439,0.6020893394631206,0.8959613131083118,98.79271228182775,31.887211585756464,1,69.05070600652827,20.23779084633086,0.8633125602181492,0.9813723088093489,182.82231811242303,93.91704814743282,1,157.2768260107,62.54154947583738,0.7010410783363734,0.9602318366352282,85.03700463283208,42.936654595607656,66.90360312697773,97.85221171055996,0.6061017277010163,0.9235103221301895,59.58482144009662,30.34854404962177,47.19225747508622,100.0,0.5537788574617603,0.8909095965406899,47.49108069374916,24.716505254937935,38.117546348758516,31.4114037330606,0.7957365077095013,0.9799195438577545,123.3147334223234,61.529566854850785,99.7964722053559,57.90079263615444,0.7218728182164768,0.960285090697449,132.41014108031396,49.381381162558164,1,96.41922674375655,82.95832267962157,0.6282498044771838,0.9243093066560021,83.18168188507573,33.76438596154414,1,63.649808295366874,96.75274865763231,0.5651776837050003,0.8917672823801561,76.18301481907251,26.16491452553503,1,46.535909757187625,31.373050370749166,0.8134005829527572,0.9798661927139717,178.99883816506636,71.00216994987863,1,127.87273288952649,124950.02679438623,Kansas-like
37,18.77013963480129,0.8633117343272552,0.9743577750744928,184.39088914585776,96.75156367957243,1,163.21764610482532,27.752416756176157,0.8096333063920462,0.9530835441995998,160.04999218994044,79.98895745209018,1,143.32896992237238,36.90923737916219,0.7590573671301223,0.9316739118802817,145.98630072715727,66.28021470124337,1,127.12198865656563,13.345864661654137,0.8966216857950126,0.9854138066591435,196.1224107541002,109.469558473338,1,175.45369759569047,34.43877551020408,0.7908071487628446,0.9623995330861805,149.45233353815524,70.58880772663127,1,130.78226179417453,60.526315789473685,0.6768697921534491,0.926237467655067,115.44695751729449,44.02455011764662,1,91.30169768410661,86.26476906552094,0.5832488220520197,0.8909442485864634,99.03534722511958,29.610145444306777,1,65.11528238439882,21.22717508055854,0.8577809162128252,0.9804443077421818,176.0454486773231,90.75923210307751,1,152.21038072352357,65.74919441460794,0.6945464448733181,0.9583834259024026,86.48165425305416,41.928981166709846,65.32659884191851,98.8453276047261,0.5994825061422641,0.9200347985216973,57.70632711679518,29.527380961354243,45.674724477306,100.0,0.5475945936617176,0.8862492019742922,48.49184310209231,24.088098865453098,36.915358933079595,32.921589688506984,0.7898684201598235,0.9789480230564908,120.87171949855427,60.08694147777326,97.47139646843236,59.962406015037594,0.7137689776683793,0.9583478574015011,120.67155202262775,46.93769825223878,1,87.23451921643769,85.00268528464017,0.6213189423305009,0.921135433575262,82.61071932238653,32.890526984988966,1,62.08512504520478,96.97905477980666,0.561066684316985,0.8875696635862881,67.47251516152312,25.655930261647878,1,46.25896645771267,32.639634801288935,0.8104052258855029,0.97889623307721,176.4388537702151,71.43234531354999,1,134.8796917534375,119114.44266599274,Sahel
38,29.317519766957968,0.8045361777055005,0.9591796241032655,142.43595051811886,71.01796507252556,1,121.6552506059644,43.17519766957969,0.7321224378617394,0.9266405573593578,127.12198865656563,55.52580796653873,1,104.0768946500615,57.61548064918851,0.6636070509346228,0.8930029114877214,102.52804494381037,42.70955537997664,1,85.5102333057278,21.077819392426132,0.8512649453541308,0.9766827334326628,148.48568954616468,83.09730267930831,1,132.4235628579748,52.80898876404494,0.7147509429114555,0.9418325406940714,119.86659251017358,49.22735397886064,1,96.33275663033837,91.11527257594673,0.5747720349251725,0.8877253044423807,79.39773296511683,27.44548885447794,1,55.569775957799216,,,,,,0,,32.52184769038702,0.8024913913451566,0.9699494759409625,143.10835055998655,67.67905891419164,1,118.1185844818672,90.59508947149396,0.6397968946143544,0.9370599923589458,65.70833090560298,33.83244979167135,53.26362807097058,100.0,0.5472788412916022,0.8839858705865694,45.33217631401729,23.67093820734728,36.32154344799431,100.0,0.4992330994874645,0.8412483609721608,37.64171414135498,19.3781122221813,29.86286495309794,50.998751560549316,0.7372418428871476,0.9675988738009114,98.162034742039,48.35546823922438,78.83478624784713,75.69704535996671,0.6626117850490224,0.9374682394977888,97.34854559298898,38.04375040168057,1,72.49233894772158,94.71493965875987,0.5719144916130822,0.8872608828480637,64.00344860839895,26.52509816528726,1,50.24953850401536,99.95838535164377,0.5119878243139021,0.8443474023716517,50.916300119459194,20.517874955506343,1,36.796159264279325,46.15064502704952,0.7620882909230757,0.9677036335021137,144.3295962114272,56.27972575387516,1,103.96240935303571,76823.07319467614,Scandinavia
39,16.85003587658455,0.8755432877966342,0.9766619683542767,209.3800372528384,105.65822286857076,1,183.1545636618218,24.99402056924181,0.8270865222844279,0.9578942572408934,201.43485299222675,89.24038106187277,1,166.89157633586035,33.13800526189907,0.7811967766282204,0.9387911004804869,180.48822676285565,75.46188581724267,1,151.7708585959771,12.114326716096627,0.9056928979912668,0.9866673199208007,228.56071403458645,118.66384607815701,1,197.9898987322333,30.758191820138727,0.8114721503996953,0.9661936200549275,186.46179233290664,80.756527436735,1,158.24032355881985,53.52786414733317,0.7071477507118793,0.9340808772857029,140.91131963046828,52.08442619025448,1,114.61239025515522,77.34991628796939,0.613787199609634,0.9019489909970876,108.81176406988355,34.26730202853922,1,77.75738485029562,18.966754364984453,0.8716723884149348,0.982505996641778,203.9607805437114,100.72922464998877,1,176.0454486773231,58.72996890696006,0.7098814234624742,0.9627908120986104,89.52276918717507,44.50004550072288,69.81442176794079,96.7830662520928,0.6142287752305824,0.9278506004573162,60.62074395345317,31.298375296858637,48.47481192574607,99.98804113848362,0.5616231012681198,0.8969253799852087,51.38949001592093,25.573775753421835,39.242155628402614,29.179622099976083,0.8031911193224548,0.981193209875809,127.61722386786205,63.43162864327095,102.98526973284581,54.75962688352068,0.7300055554202187,0.9627959891189702,125.2866170982182,50.271628453017065,1,95.07880538844593,82.44439129394881,0.6344815995869949,0.9287579607627214,91.23794209953279,34.72552463538437,1,64.76253365536371,95.74264530016742,0.5754770376537042,0.897912500380589,70.60183732156308,27.223817692678562,1,48.8359153928501,29.299210715139917,0.8233726894241998,0.9812112830175398,192.62721420622952,76.83827594887708,1,147.19823591106388,133671.68431076588,Patagonia
40,11.481028151774787,0.9115358583052026,0.9842076666967384,258.6426105652354,134.34184640619148,1,228.18237414613625,17.217462260301918,0.8749469366040106,0.971029651324914,234.67424230196207,115.6605011134859,1,204.35263639111682,22.341901264789882,0.8430242039661819,0.958193361547578,231.4821807396846,103.6090758338234,1,196.01224362324564,8.053855569155447,0.9336114798903005,0.990991067737546,275.5358415887124,147.99676478654334,1,241.9388048897302,20.530395756833943,0.8639271593294061,0.9772411942091911,241.19701490690136,105.75998498639713,1,191.4533799671622,35.38963688290494,0.7871510233850081,0.9554040538898886,193.49418595916518,77.51148483041759,1,158.64425612041552,50.51815585475317,0.7171441593897431,0.9336973848081392,167.14065932620943,57.83990356433749,1,133.2066064427737,12.501019991840066,0.90947819872948,0.9882311656219266,266.8332812825267,129.69363098927937,1,221.30521909796886,40.08159934720522,0.758512190867234,0.9744561608235217,109.25495736871139,53.801187663176414,83.94259352493359,78.7515299877601,0.6629482416734616,0.949593923914702,72.56672560308166,37.8858109309677,58.5883923609858,97.91105671154631,0.6079123868929369,0.9260794886637639,61.18560214861299,30.875959558088162,47.39378934843484,20.03263973888209,0.8451566299616238,0.9871409623410341,162.68044405182565,76.66214349359139,122.70129986063053,39.61648306813545,0.7749551533501209,0.9743300100361256,158.75053241465272,61.35341972543094,1,121.1110029232344,68.82904936760505,0.6800798770149968,0.9497473278042456,116.964879012663,41.83179175581995,1,76.65597302589053,87.86617707058343,0.6209850386189593,0.9263721686147669,88.49512888019457,33.1142505346679,1,60.62293090135175,19.96736026111791,0.8579606654110774,0.9871329851268134,234.738977444463,91.07305121353608,1,168.04955000877726,196075.5245289063,SE Asia
41,49.37456567060459,0.7217666312464035,0.9323147227761508,104.0,48.76679638301331,1,88.81441324469807,71.92494788047254,0.6243750586525549,0.8779664153703112,92.0869154657707,34.47925571638718,1,69.85699678629192,90.96594857539958,0.5433138116217012,0.8246756157987828,74.4043009509531,24.59542083041434,1,53.90320406529193,34.81584433634468,0.7881439928434125,0.961489522417415,118.18629362155325,60.572917805016885,1,100.23971268913334,83.59972202918694,0.6151027075630394,0.9055680858272154,87.72684879784522,31.603565674910627,1,62.609903369994115,,,,,,0,,,,,,,0,,53.96108408617095,0.7247005711696891,0.9501426215904074,103.76897416858277,47.186226869582484,1,85.11152652245484,99.8262682418346,0.5779675336304276,0.9015937940643999,52.08560609578127,26.16470516966386,41.049055407162214,100.0,0.491821878052039,0.8305244835682971,35.008865224582124,18.37209608101453,28.3012138263604,100.0,0.4474346287573075,0.7797161147160031,29.604054494485798,15.016280035300447,23.18385458825659,80.02084781097984,0.6740754275896194,0.9471098127621961,72.20121202482292,37.30332692467762,60.339169349563655,86.97011813759555,0.6055322403427229,0.9038701025105963,83.6132485697562,30.199536635518445,1,59.89472807468296,100.0,0.5120097126393889,0.8365580814924825,48.151111923433156,20.125717318299145,1,36.90957203752557,100.0,0.46063847150058307,0.785542078173921,48.151111923433156,16.030134861724523,1,29.23393146320747,62.71716469770674,0.7036827216973777,0.9479231995786825,103.87990318699794,42.842228974847615,1,76.2692901942245,46072.40716271844,Tropics
42,18.49260823653643,0.865918205530379,0.9744976313872553,242.12393520674493,101.34784098102267,1,188.17013578142522,27.36272439281943,0.8138074100800792,0.9537056274629242,217.32924331529804,84.08189661924187,1,165.21501142450705,36.06124604012672,0.7659866144081704,0.9330603706782064,204.7828117787233,70.47140356079859,1,146.696966567138,13.146779303062303,0.8986835271966341,0.9855086662987732,258.14724480420085,113.64719873611057,1,196.16319736382766,34.068109820485745,0.7943187901419253,0.9627710254457805,192.66551326067676,73.54175288786783,1,148.5260755117476,58.42133051742344,0.6882542056635652,0.9278264073673569,157.27682601070003,48.38510875406373,1,112.71202242884297,85.17687434002113,0.5880747108872032,0.8925646815048809,97.44539546060317,29.862635529403907,1,64.4980619863884,20.89493136219641,0.8611218586888549,0.9807386508840996,230.893915034589,94.92697641760034,1,170.31735084835015,64.30834213305174,0.6985895158212952,0.9591116240469367,85.73651792333918,42.455711078601446,66.79755101603502,98.45564941921859,0.6032113668943079,0.9214702452013501,59.36630776868927,29.878001336251568,46.51698290366935,100.0,0.5507341084591395,0.8881176570013531,48.1975803910899,24.36435242485103,37.817421728569116,32.45776135163675,0.7932318580928881,0.9793211118305633,124.54392114044947,60.72330663529908,98.18210560616734,57.60295670538543,0.7207911839554249,0.9592667628618826,129.22429238449786,48.89746791160849,1,96.03672586346451,84.31890179514255,0.6245090269154874,0.9222192875015334,82.99231180587465,33.18500332055256,1,62.27927463294055,96.11932418162618,0.5651817158795022,0.8893762270790965,82.1569123794719,26.08049451665457,1,47.96093022889951,31.982576557550157,0.8125451566057166,0.9792622107433065,189.79305448499582,72.09535914128367,1,141.2115304460469,121258.3050261659,Kansas-like
43,23.103112840466927,0.8394152366853147,0.9683437073540406,178.39282496782207,85.99595950586131,1,153.67498169838836,34.12775616083009,0.776806924528022,0.9423312856256882,168.80758276807353,68.85381826725454,1,129.44488503157828,44.22827496757458,0.7238015266453595,0.9173672953751705,144.22205101855957,57.31733025715174,1,117.68771791731089,15.742542153047989,0.8816216997388137,0.9824905611441643,193.65949499056327,99.96023851265822,1,165.60193235587562,41.79636835278859,0.760077424858482,0.9541011771600223,150.57224179774968,61.63927922355753,1,120.0,72.08171206225681,0.6374138128281884,0.9106969572565075,110.34491379306978,36.715654246644675,1,76.94153624668537,97.17898832684824,0.5402419115736682,0.8717332102288045,69.85699678629192,24.046695543911444,1,44.721359549995796,25.94033722438392,0.8346075631509191,0.976235893576568,169.7056274847714,80.43643696919854,1,142.2981543695583,78.55058365758755,0.6705401048370329,0.9501677187150372,79.4771014053829,38.03631880120204,58.92532280615752,99.93514915693905,0.5771159883734129,0.9057603086163488,51.41004164821798,26.89087929890228,41.6884818223445,100.0,0.5268285599157455,0.8682916446068313,45.182612468105134,21.98209226548961,33.988861990585924,39.931906614785994,0.7673720509086619,0.9746110234248341,106.53222056918797,54.44293542638792,87.40259111801869,66.7639429312581,0.6950520827021621,0.9502648254969699,114.17830596142966,43.442481741276346,1,84.19240206149468,91.79636835278858,0.5965427992611847,0.9074055611839854,74.4241212380701,29.52494275049448,1,54.26235600164893,97.973411154345,0.5416427267799422,0.870264837768285,64.40256091845299,23.57229355379795,1,43.12431307828676,38.570038910505836,0.79016531421704,0.9745509021910947,153.365016338278,64.19987993014703,1,117.60723980214401,98580.0658414911,Sahel
44,21.75531090091487,0.8456511951538283,0.9700761909990997,183.52111595127138,87.9201084507636,1,150.14659503298768,32.45464413087301,0.7851103690821047,0.9453913465442721,163.41358572652396,71.01359943777099,1,130.29197979921864,42.54923243913785,0.7316670776764079,0.9210064999078095,148.86235252742716,58.722180672694094,1,116.27553482998907,15.382229803070244,0.8837537195721245,0.9830615290385425,202.78066969018522,101.04939879362205,1,164.04877323527901,39.99069623197395,0.7662997337978033,0.9563524918610465,152.0526224699857,62.74945546987712,1,120.06664815842908,70.49154907737633,0.6445315574121709,0.9147390681127653,127.12198865656563,38.480316363611614,1,83.23460818673925,98.83702899674368,0.5436496242694181,0.8769564896336773,57.271284253105414,24.212159725743483,1,42.97593942035592,24.85656690959839,0.8398547816894076,0.9773321999290411,184.1738309315414,82.82249711275536,1,143.61058456812992,73.85641184679795,0.6778324790180327,0.9523536721004097,75.70362553384729,39.1825669591922,61.4832230955398,99.68987439913165,0.5828178956231214,0.9094577459740674,57.09983886521634,27.517477259631875,42.43419861687235,100.0,0.5313742120028537,0.8723238712702961,42.780300766378154,22.355277310728532,34.10299110472276,38.098930066677006,0.7739117279747985,0.9756494237680678,115.35307835160197,56.14085876120444,90.99751518933236,65.29694526283146,0.6994063606898503,0.9524048688179158,132.97610505006043,44.93442568161942,1,87.91922465913721,87.59497596526593,0.6066831722071114,0.9110961755712167,80.3568136765588,30.87455776670163,1,58.530901675690046,97.50348891300978,0.5458619138433564,0.8745456364020854,77.19066657998856,24.072416356768155,1,43.90312675804822,37.184059544115364,0.7940209835909613,0.9757336650199152,160.70092223202312,65.08953265402089,1,120.74258702997726,103190.00255709427,Scandinavia
45,25.568990042674255,0.8258368455032088,0.9649725358353929,184.04347312523745,79.92638442886206,1,143.38758663147937,38.086770981507826,0.758063634813878,0.9363901785278254,160.79800993793424,63.22974484102273,1,122.70289320142373,49.43100995732574,0.7010144647757622,0.9086767147099362,140.22838514366484,51.8122059220509,1,110.63453348751464,17.78093883357041,0.8696547016296581,0.9804930964193461,184.04347312523745,92.96323779679527,1,153.88307249337075,46.123755334281654,0.7415048130618725,0.9498102849298551,150.94369811290565,56.30747851225972,1,111.3947668142013,81.52560455192034,0.6089990415442231,0.9027366838329941,97.32420048477151,32.37515955157277,1,68.46897107449476,99.37766714082503,0.525487328894812,0.8649390073082333,57.688820407423826,22.609132286013196,1,39.59797974644666,28.50284495021337,0.8224998235804653,0.9740890726215148,160.44936896105264,75.30686786224862,1,132.90288677338054,82.78805120910384,0.6599967675217745,0.9455527726940841,71.70979413468156,36.493952370254,57.35614790359086,100.0,0.5665738484650673,0.8980536175144519,49.82423638401269,25.701540147684003,39.84503043432856,100.0,0.5169064759699922,0.8588641655547977,40.54239515604226,20.99764142360589,32.44795428412375,43.509957325746804,0.7563898353611564,0.9721776890461006,101.45695770808183,51.84450928389167,82.37607677899727,69.54125177809388,0.6842061660598999,0.9460605488446749,103.18194639143677,41.52610812171114,1,79.24720801595574,90.93172119487909,0.590929559257549,0.9003869674700857,73.4164946200855,28.852671137657854,1,55.04776032815343,99.02204836415362,0.5307824166236018,0.8609831177801988,60.075839245514324,22.360285373466738,1,40.459071912604955,41.34068278805121,0.7806432944211102,0.9722361751898718,153.25814376851383,61.330132870545604,1,115.6415976257597,89953.97122067749,Patagonia
46,41.44756277695716,0.7537454657415975,0.942696279950288,130.59862173851607,56.8842760765564,1,105.90561835898981,61.831610044313145,0.6622774095819339,0.896086781419092,105.67875850898325,41.220453049740094,1,85.41641994495755,79.1728212703102,0.5861843059635442,0.8503963524955152,95.0789145920377,30.617015744191434,1,69.85699678629192,29.571639586410637,0.8119752910415837,0.9672362310184237,145.38225476308997,68.87626665633582,1,119.75956823242079,83.5450516986706,0.6282021007727805,0.9164084294732802,85.5102333057278,32.91383935594316,1,63.245553203367585,99.91137370753323,0.5224404470116111,0.864133575406078,52.15361924162119,22.312000187600297,1,36.93407023204049,,,,,,0,,47.38552437223043,0.749222702934415,0.9568642589781357,127.05904139414872,53.27171998984764,1,100.0,99.1728212703102,0.5983578372268575,0.9141718807903031,55.708868501213445,28.426528135510466,45.125185771284116,100.0,0.5094509976274636,0.8491312822337836,39.284719352185604,19.961103234263934,30.790690817081675,100.0,0.4639678896630006,0.8005697940379217,33.570989527693335,16.273473696158582,25.11929653314551,72.08271787296898,0.6936831418420254,0.9545831658448627,79.07798936724954,40.1317897891959,63.94830861216382,86.05612998522895,0.6234586802725196,0.9159206567329663,79.67945632465008,32.0285985603127,1,61.253724886315,98.67060561299851,0.5353966675795084,0.8552627518062461,61.44859356368289,22.53018623875429,1,43.217553963451984,100.0,0.47472007625066054,0.8043892508234148,41.870754249746575,17.088284268379056,1,29.97397334292307,57.07533234859675,0.7239979291404298,0.955212646576301,109.50411604534658,46.874257108483576,1,86.7404302434829,54138.1564656787,SE Asia
47,19.938435707289774,0.8593877807290287,0.9725741086123806,204.35263639111682,97.87229674217097,1,173.6663467687393,29.550860500909472,0.8034713155602802,0.9502748706949207,182.1647605877712,80.06013024768487,1,155.64061166674975,38.701553099202464,0.7539948443816519,0.9278624266442317,173.85051049680584,67.29248231145559,1,139.71399357258383,13.782006436266967,0.89497342154068,0.984706653366618,214.40149253211834,110.87101444414273,1,186.59046063504962,35.5114033860361,0.7898866394422525,0.9606625466070245,170.88007490635061,73.8350696800308,1,149.42020476293538,65.8458094305303,0.6623463205626291,0.9227172395918358,118.92854997854805,41.65965702229854,1,92.77930803794561,95.67650762557717,0.5617524321412444,0.886172952600852,73.43023900274328,26.162707784652472,1,48.33218389437829,22.149153490975234,0.8558255706669069,0.9796983705084875,192.66551326067673,92.63204080161456,1,167.5231327309754,68.02854344480201,0.6902562773572922,0.9567716948706598,80.93545553813235,41.069020048079175,63.71708673495652,99.0205680705191,0.5954803179760031,0.9172168715259706,57.47028821421119,28.951948669445322,44.91645966798701,100.0,0.5439493411338544,0.8826719042156921,46.30887801180665,23.626839329755715,36.60638236233791,34.32209318595215,0.7863962404301261,0.9779900162552703,122.23916489065043,59.20753621368448,97.79880669560477,61.788162865537984,0.7118664844279113,0.9567566808601666,128.05036682157288,46.79399265261072,1,91.49393183434462,88.77850846509024,0.6133911888700682,0.9181952744297083,81.30521133767941,31.606956494598407,1,57.72601065912491,96.43206939974814,0.559632199190046,0.8847453733137506,70.56104543530975,25.587666911375656,1,47.01662390976426,34.084231145935355,0.8068824976881963,0.9780508879466868,165.03096773184762,70.24252383257603,1,131.79062942338467,114410.85024211803,Tropics
48,33.78086789738672,0.783711332493249,0.9532559850375223,139.31259813814398,64.66258447251455,1,114.12239646733119,50.51546391752577,0.7016018015885777,0.9151869844302946,116.0,48.506432979755154,1,93.38094023943002,66.19515703668185,0.6315793084715534,0.8774809276455889,95.0789145920377,37.11346758467245,1,77.6659513557904,24.286741788539917,0.8350226423703121,0.9732849288397846,139.31259813814398,76.31776683707339,1,124.77164341684298,61.68784464157277,0.6856292693591918,0.932780025452389,108.81176406988355,43.64416433676435,1,90.24411338142782,98.36969551666267,0.545408818335183,0.8769446640872388,60.0,24.207745747612478,1,43.266615305567875,,,,,,0,,37.95252936945577,0.7802078013178174,0.9649819149267727,136.0588108135596,60.55641439402434,1,104.6900186264192,94.91728602253656,0.6230906997247919,0.9285564438522881,61.67300818310409,31.590519164744915,50.06723964773653,100.0,0.5321109428992177,0.8705082478461821,45.61219676607517,22.182897983151335,34.3695528029934,100.0,0.4844368816643247,0.8250494841217588,34.8768098958622,18.043741572702963,27.79620682112145,58.69096140014385,0.7203084480977068,0.962781765289627,86.84175994086534,44.9590805257942,72.7377215620605,78.54231599136897,0.6469400434507958,0.9294578011541811,86.90806517703643,35.7742012822548,1,68.79111490805612,97.21889235195397,0.5535152986617393,0.8742787064366061,66.60062281748121,24.55913048104645,1,46.45800835890136,100.0,0.498339097605757,0.8294047334990112,47.60623700322114,19.133576667295166,1,33.970451940751296,50.39558858786861,0.7463229493821283,0.9630884679791333,134.97797585125997,52.361098075545634,1,96.48990690441542,66684.26921864678,Kansas-like
49,12.064665921403387,0.9068870521462833,0.9832780737190581,240.8318915758459,129.0397194723505,1,212.94130646729863,17.998108177831284,0.8694777088903872,0.9695392198668614,228.03508501982756,111.85845710605724,1,196.16319736382766,23.596181958895865,0.8355248861825363,0.9559950629343118,211.09239683134015,98.2207301160492,1,179.64409258308496,8.530398142574597,0.9301072770870025,0.9904823548473083,256.12496949731394,142.49566725728266,1,225.84950741588966,22.082724223922952,0.8556425903073073,0.9758229544656266,207.88458336298052,100.67832617984445,1,181.24017214734707,38.567374666781326,0.7731583856732367,0.952624737305209,179.28747864811976,72.27109783208662,1,147.5127113166862,54.355490583885114,0.7011451453155744,0.9296599195817196,155.58920271021378,53.06813105006453,1,121.06196760337245,13.672714764812108,0.9029749168363548,0.9874587851111464,235.28705871764384,122.64793351209705,1,203.09603639657766,42.187634362369934,0.7516867071304608,0.973031505280075,106.1532430046415,52.3193686787706,81.04502557213002,81.77831283859317,0.6564168136051891,0.9470378607246067,75.56701282885547,37.02855459475992,57.77433259937124,98.21136813139564,0.6016467566386327,0.9226451330914309,59.73356012776461,30.15738182128041,46.563804684178955,21.093817181184967,0.8399701845349316,0.9864459448377261,151.54525641374266,74.74002500181852,118.71029578156151,41.611488520079114,0.7666155564912281,0.9729236828839993,151.1485346950646,58.85696535024987,1,112.91594601395023,70.51337174305615,0.6743354433935909,0.9471514463317137,101.11880613702239,40.84601351433355,1,75.68939335436163,89.14782010491014,0.6143937486164645,0.9227949013161227,89.63797229373932,32.253368033926215,1,59.447715612332466,21.025023647777108,0.8532535385940991,0.986402462609157,235.51735911853697,89.48266007355994,1,168.9455635897116,186086.57666577183,Sahel
50,25.787545787545792,0.8254679676460633,0.9645499108404186,170.0823330037544,79.72190890743616,1,141.8731828077456,38.6996336996337,0.7574571402026239,0.935049633919973,165.60193235587562,63.919538092626716,1,127.13142140887321,50.51282051282051,0.6989461754564272,0.9060219218553724,144.27751037497146,51.98021880283461,1,112.7226589927981,18.113553113553113,0.8691937761424051,0.9799274611270973,190.03157632351525,94.12795429369599,1,160.0,46.72161172161172,0.7407964571141799,0.9487558706140954,140.91131963046828,56.24158725541565,1,110.63453348751464,88.97435897435896,0.5925658910645155,0.898908803651354,85.0411665018772,29.35191078572941,1,57.271284253105414,99.85347985347985,0.5233663865871372,0.8644971766793804,52.61178575186362,22.443001087526145,1,38.72576793208234,29.413919413919416,0.81992722538909,0.9732386817482703,173.6663467687393,75.58050678181198,1,140.4563989286355,85.47619047619047,0.6558063749345419,0.944239393714877,73.26217855125883,35.88022529485689,55.77096272677283,100.0,0.5626196942460059,0.8955171282180792,49.13942233422196,25.267364618960098,38.944396396452944,100.0,0.5132937495732638,0.8553826039106006,41.652304149032474,20.657692055119785,31.736852424391227,44.65201465201466,0.7522756722074392,0.9713670536374884,102.79920608438852,50.902976086096935,80.14494944417997,72.63736263736263,0.675773344875509,0.9442286091255893,99.49591203235875,39.50303353500667,1,72.29675858374762,95.53113553113553,0.5783564398186772,0.8973147745792194,72.12349517575885,27.319395251474095,1,49.1459961975398,99.23076923076923,0.5288158482065184,0.8588372475151598,59.03553063130295,22.23555189985115,1,40.290416804737504,41.83150183150183,0.7810218111237057,0.971537158550094,151.55591304859644,62.593154439166184,1,121.42404774754846,87311.47136901326,Scandinavia
51,9.70164823701231,0.9235546724524273,0.9865719781338151,277.5031531352392,146.17976983366074,1,232.7230113246217,14.305584532999513,0.8935107644824948,0.9757070349720807,254.24397731313127,129.17425115490656,1,215.7405849625888,18.944293761735864,0.8643794017168055,0.964696884264666,244.13111231467406,115.01637599681085,1,204.0,6.954586549829613,0.9421338171670482,0.9923263650852315,296.0,159.54198964512028,1,249.44738924270183,17.79678698101398,0.880660295299913,0.9804846532389043,247.38633753705963,117.52135833081881,1,207.53794833716555,31.12177481048752,0.8099459498089788,0.961686893558826,198.9572818471342,86.32487193485528,1,166.70932787339765,44.19639752416719,0.7450060771439383,0.9430531741347581,168.7601848778319,64.78574028942651,1,135.82341477079717,10.870018777383684,0.9205858401335256,0.9899327844533403,267.64155133312164,140.66440894057112,1,231.4821807396846,34.08442868071493,0.778361662388278,0.9781387932211881,118.61027218033044,58.45706458270005,91.59499305921219,68.05758397663259,0.6830398927867257,0.9566871362242252,84.23671616246742,40.9303609324821,62.62809578457275,93.0732317963697,0.627711612703868,0.9362501861807451,65.0902874793364,33.438104356741604,51.116352769409495,17.087419152931357,0.8614703173106955,0.9890338222451704,172.62353030666154,83.4825446010273,135.7249492475682,34.13311078656373,0.7903969886697104,0.978101788223603,173.30115855979926,65.30049829380985,1,122.46523084692254,62.44523263092009,0.7026663219667187,0.9567828857022848,125.74807247152906,46.104371845703135,1,87.8812869310137,84.67904583072536,0.6381725761073264,0.9363531284346859,97.67174940119418,35.39855706284199,1,62.57099357957545,17.03873704708255,0.8716253457020673,0.9890280655272757,256.87973211953425,98.90877483092385,1,189.23149402397692,230042.33108581332,Patagonia
52,11.280561607358992,0.9123880421870568,0.984433905818946,260.0,133.9094652031018,1,218.24756585125985,16.678770273541517,0.8773105802440144,0.9716064474948747,237.65521244020718,116.6241460507311,1,199.9199839935968,22.181876865972725,0.843561441413954,0.958609009635775,215.40659228538016,101.89002972195682,1,182.96221097532768,8.020656822399742,0.9339025841115357,0.9911989184268435,264.7564918939666,146.7869898583982,1,229.71286424577968,20.697167755991288,0.8630053760362475,0.9772750826518728,227.01541797860338,104.74495041465435,1,186.76188047886004,36.06067941579924,0.7844758031348078,0.9555228891910591,187.3606148580859,76.00727244004912,1,152.31546211727817,51.39191479060759,0.7120134634204314,0.9338708735656158,152.21038072352357,54.96334760945445,1,118.1185844818672,12.757201646090536,0.908374191603142,0.9882858882012241,236.8459414893994,127.26621612152829,1,208.806130178211,39.61913983700477,0.7601457221260935,0.9746814337936117,112.04634554700327,54.237807896047684,84.97055788723227,77.85846849027676,0.6642944615515626,0.9501477931550308,77.2789762539485,38.1494474714955,58.8816433827063,97.75679819252804,0.6091539144699184,0.9268912215220918,63.50742378261275,31.06179071875671,47.554995888101494,19.84184620350198,0.8464419376506068,0.9872764157284218,156.69763788164997,77.20693821266556,124.07525293890652,39.51424191075607,0.7732196958149242,0.9745940374888062,173.53269926766387,60.576766518260634,1,113.37061550689448,68.04647785039943,0.6853803356805658,0.9502186034428433,108.23732560504241,43.20265050609165,1,83.94196928779564,90.17187121762285,0.6195325145421381,0.9270174535878694,83.91516138736021,32.67392487079503,1,56.02226701661222,19.825708061002178,0.858086584603724,0.9872583231926011,223.60882099413803,90.97230177029316,1,172.03358208000742,198190.4522630637,SE Asia
53,21.719666563754245,0.8463260426083903,0.9701295634009743,173.6663467687393,87.93929431512623,1,148.24842011114785,32.57178141401667,0.7850288029130273,0.9450663092362754,170.0823330037544,71.52814500252067,1,132.9661611087573,42.266131522074716,0.7315133592077908,0.9209227934499263,148.8086019019062,58.758024599889076,1,116.06894502837527,15.236184007409696,0.8843713732707621,0.9831086151041012,192.33304448274092,101.2324716761869,1,164.43843832875572,39.610991046619326,0.768329827335264,0.956635607652442,153.88307249337075,63.77068772979454,1,121.85236969382254,69.1725841309046,0.6475695754227516,0.91528536974848,116.0,38.553549540924216,1,83.5224520712844,95.98641556035814,0.5496093445543981,0.8774075688976689,70.76722405181653,25.128658201612275,1,48.33218389437829,24.51373880827416,0.8409949495455283,0.9775579601777437,173.29743217947575,83.01534041780506,1,143.10835055998655,75.20839765359679,0.6768648383559667,0.9523918246091088,80.09148234670258,39.030844268373826,60.67318489575002,99.58320469280643,0.5827953344806822,0.909702286023608,54.302582356618856,27.570435036900648,42.474670709672644,100.0,0.5318906423585116,0.8730083416325216,44.5061342848804,22.478758188424468,34.59412107136302,37.88206236492745,0.7732661383192468,0.975860232380292,111.89492484352638,55.96331501949695,91.00594193652174,65.12812596480396,0.6990918051784507,0.9524840784212536,125.00296987628471,44.6535170751859,1,87.42273575329239,88.96264279098487,0.6044722767044506,0.9109820235287902,78.7600993538247,30.55322759505706,1,57.215891967396196,97.51466502006792,0.5451135137828541,0.874384300179304,71.17779490824492,24.012576831795727,1,44.12773302808436,36.87866625501698,0.7948290113176218,0.9757946976361344,161.28546231776826,65.63531198205175,1,122.48086145611461,103705.28512985744,Tropics
54,19.23396017699115,0.8602095957946463,0.9733536821661648,178.88543819998318,94.84477064371619,1,159.34364595027205,29.023783185840706,0.8032277073263105,0.9512052738311432,158.4929020492716,76.98061407698745,1,137.6894936377763,37.63827433628318,0.7548288653240811,0.9298019889817889,144.22205101855957,64.8931508376994,1,124.06449935416659,13.371128318584072,0.8957219868373243,0.9851171438561854,200.47942537826668,108.70421355734896,1,175.86358349584486,35.46736725663717,0.7853696728520647,0.9610292053075029,151.2084653714864,68.54910209087652,1,128.0281181368956,62.54148230088495,0.6716672132494699,0.923887104449429,120.9297316626478,43.69148501110363,1,95.4148835350125,93.62555309734513,0.5669700739640555,0.8869801433487251,76.96479320427414,26.815940524645978,1,52.15361924162119,21.861172566371682,0.8544626909416118,0.9798102675242304,182.82231811242303,89.1968339674258,1,151.2084653714864,67.491703539823,0.6912783853257227,0.9571809677279932,81.28755543885144,41.36203459101717,64.54840381993434,98.741703539823,0.596409221373698,0.9178901492816948,59.035072285925736,29.14689008660725,45.22762933746767,99.98617256637168,0.5443789336116539,0.8835749298009686,51.531991447819394,23.747033673027097,36.39104008912978,33.974004424778755,0.7868019735587177,0.9783223747791122,122.10026925403217,59.17150336010645,95.53547234645575,61.21404867256637,0.7106702452715057,0.9571471810636505,129.54483041674627,46.507736856982454,1,87.50590794485571,84.55475663716814,0.6193486852222707,0.9190982598299099,78.60397903918113,32.628123895454024,1,62.160772864972415,97.81526548672566,0.556149772120183,0.8848287110269399,69.96490745459914,25.100819233198937,1,43.94035667445381,33.83573008849557,0.8055365325913569,0.9782382367747467,164.93406925249448,68.89110139459063,1,128.40929447594098,115782.89310221511,Kansas-like
55,15.449620801733477,0.8845532449398674,0.9787321898774498,223.60679774997897,111.4072596519294,1,192.04166214652486,22.903575297941494,0.8387962200905624,0.9614461483654352,206.49455198624491,93.7795137643115,1,169.1862878604528,29.664138678223186,0.7986883473376348,0.9445080845096403,196.16319736382766,81.4192649289304,1,156.46085772486356,10.801733477789815,0.913751644062712,0.988018564344345,240.8318915758459,124.65929136739871,1,201.79197209007103,28.0931744312026,0.8235592140957683,0.9695009942285598,199.9199839935968,84.02453026420723,1,153.1012736720371,48.808234019501626,0.7258714983082667,0.9403206150802111,163.2666530556684,56.90554545514621,1,122.37646832622684,68.6457204767064,0.6449772976091078,0.9114361744032528,129.1200991325518,40.1794919544905,1,94.40338976964757,17.323943661971832,0.8808242989222601,0.9842249666477307,216.33307652783935,105.54761659095192,1,181.0679377122018,53.12026002166847,0.7224025551894093,0.9661628350004369,100.34607333234544,46.72856464967287,73.48425229703939,93.27193932827736,0.6269645937301317,0.934238329895362,66.74482929278506,32.950783824459315,51.2756462703673,99.85915492957747,0.5733008442333105,0.9051128062624729,55.34806322909475,26.83943169542178,41.347397947187964,26.608884073672805,0.8143083649162538,0.9829059247893409,135.27702465236732,66.48692858978714,106.15989547255414,51.07258938244854,0.7413113598874345,0.9661717880715077,149.29648943014695,53.5003431149713,1,104.84830178843131,76.35969664138679,0.6521125313860632,0.9348404626535158,106.0862384536354,37.46352785710239,1,72.2015122869047,93.68364030335862,0.5865413935097721,0.9058405793299165,89.40477071636572,28.677512676229938,1,52.05314098630311,26.543878656554714,0.8297033246243344,0.9829409084337474,186.58428276294433,76.72710990431229,1,135.52606912590318,147606.43257685375,Sahel
56,13.762911952779145,0.895916025388054,0.9811035751235517,235.1850335374256,119.94160951069063,1,201.3156725145859,20.29513034923758,0.854839312586958,0.9656109695225855,211.20606051910536,103.41790972524635,1,185.6017241299229,27.04377766847024,0.8147149939177949,0.9498074389928561,196.36700333813724,88.78862791196532,1,168.23792675850473,9.444171175602557,0.9228398543727913,0.9894486594723619,246.4467488119898,133.8127248607689,1,215.62931155109686,25.125430398425973,0.839336842285778,0.9723787031285677,209.3800372528384,93.00109355458201,1,175.72706109191037,43.600590260698475,0.7493721370106666,0.9460557310981729,170.55204484262273,64.22173890871991,1,135.7645019878171,63.7678307919331,0.665125690452705,0.9196271272871476,148.48568954616468,45.301989471995775,1,110.63453348751464,15.523856369896706,0.8913722590424016,0.9856603247586775,227.75425352778814,113.25491964118942,1,192.04166214652486,48.28332513526808,0.7364853298379049,0.969229086360733,97.3996947329484,49.36400535788286,78.24935595261853,89.94589276930644,0.639169973333643,0.9398526313957013,68.96208497781193,34.49243402716634,53.22907188504835,99.54746679783571,0.5856807990763894,0.9128161530188742,55.32714001028675,28.223185216089888,43.60949894473222,24.181013280865717,0.8261806271498138,0.9844859097832664,139.88375146389163,69.8922158981572,109.40040920354308,47.17166748647319,0.7515175295038818,0.9692004499928718,141.8250283968869,54.98573413865497,1,103.09551737603455,74.66797835710773,0.661446374662723,0.9402942938880416,100.51991638971754,38.95264954089101,1,75.3489650845495,92.48401377274963,0.5985039447475299,0.9132618485059915,81.41202011505284,30.019035997131677,1,54.010539246886424,24.181013280865717,0.8414121433625136,0.9844646470208093,220.51696916807322,84.77800353472533,1,165.8408962364484,162653.3082972563,Scandinavia
57,25.31714389271475,0.8262516273082637,0.9648469238729551,171.20747647226156,79.25233606515583,1,136.0588108135596,37.622326930047116,0.7583249975666945,0.9359589983786563,150.94369811290565,62.55077210195061,1,116.27553482998907,49.80065241029358,0.6975999426388595,0.9068984429270897,145.60219778561037,50.29088955239653,1,102.44998779892558,18.031895614353026,0.8677093702130155,0.9798866858479034,186.59046063504962,91.3948395112792,1,148.24842011114785,46.39362087712939,0.737852105618738,0.9488649023718579,127.5617497528158,54.46971335674603,1,104.0,79.34034070315332,0.6118387701472052,0.9013306621506662,125.2836781069266,33.43754430066504,1,74.4043009509531,99.61942732874229,0.5258966501276159,0.864129189545189,56.568542494923804,22.640297680781025,1,40.001417601909914,28.59731786879304,0.8203294097946715,0.9733625823932531,159.84992962150469,74.15591172388557,1,128.06248474865697,84.23341790503805,0.6571057002066605,0.9446452816747712,68.90138238391765,36.17122327762345,56.48123038151985,99.92750996737948,0.5641033661384286,0.8964228568732571,53.60065145818947,25.50501985660423,39.83576644408959,100.0,0.5147069424277052,0.8567496752264991,43.09156120181003,20.82077331841647,32.34597983373589,44.617615077926786,0.7536085954675797,0.9715841429254457,103.53337458236888,51.44369741703619,82.64722007926703,70.75027183762232,0.6804273032818866,0.9448509234175881,117.23166791451447,41.53851975895645,1,80.75577851546754,90.68503080826386,0.5910285320856448,0.8987701965948133,77.88558418355748,28.85157007764645,1,55.559913722592974,99.22073214932948,0.5259467687864198,0.8584802961054337,70.12842127114425,22.00294035102708,1,39.28235754463804,41.8448713301921,0.776364253024508,0.9716215473537732,149.56022322460603,59.38409915548174,1,106.55532045335345,88278.94657563194,Patagonia
58,26.778321415129845,0.8196073803390725,0.9631386720409749,198.9170681465017,77.66624446171463,1,139.9428454762872,39.23598042905533,0.7524619483271713,0.9331375221237387,178.39282496782207,62.35447771348281,1,127.31064370271639,51.52427549868273,0.6928506116191339,0.9039067126461676,174.9514218290323,50.7989226955867,1,113.42644887417782,18.81821603312006,0.8643363307229003,0.9790325126134585,221.8828519737386,91.40601243690396,1,158.4929020492716,48.325178773052315,0.7333364309058107,0.947007209453126,168.7601848778319,54.88679814517037,1,114.54256850621083,88.21979676326684,0.5898602367154757,0.8974397652365573,82.46211251235322,29.545455227530823,1,59.464274989274024,100.0,0.5189538894103971,0.8608801599850749,48.87543873832606,22.015550094702206,1,37.099987118459396,29.78923598042906,0.81645071934561,0.9724457728496522,192.33304448274092,73.99082958619734,1,133.56943010284033,84.77606322920586,0.6540655864368218,0.9429030433390704,68.8208974309989,35.64702880838413,56.22798164798117,99.96236356793376,0.5601882383639157,0.8934390734843399,51.30100247734728,24.95144440620991,38.35116788396788,100.0,0.5109476683104932,0.8528960553365441,41.4557911101524,20.37673190752791,31.405840084800193,46.010538200978544,0.7502944849657937,0.9707059717855511,100.75870583678652,50.7403310651568,81.11211083242463,71.01994730899511,0.6800394546034707,0.9431872053385078,143.73581501377353,42.19890693292114,1,86.25054768432702,92.45389537071885,0.5855353163173845,0.8959173067390261,88.43781292551537,28.19003089142131,1,53.60067814975123,97.27135867519759,0.5293846594040644,0.8559444700585764,88.43781292551537,22.57035932587304,1,43.3283257121079,43.056078283778696,0.7741604843786383,0.9706610674228421,150.79121438820556,59.651176721955814,1,112.3588156655645,84958.35850373363,SE Asia
59,14.035436989846705,0.8931980348220092,0.9806683903410622,226.34486961272174,116.22376126793583,1,187.48866632412745,21.11288074855664,0.8495358681267196,0.9644737509985205,204.35263639111682,98.4559386499839,1,169.1862878604528,27.57316344813856,0.81067492709784,0.9487982902012715,184.56435192094924,85.04841224125323,1,153.3101431738944,9.974119052359148,0.9196106387031598,0.9890226571187208,232.75738441561847,129.44729919697116,1,200.8780724718355,25.37328289866614,0.836494094243765,0.9721709876245741,202.78066969018522,89.48951794953652,1,161.24515496597098,43.95779414692415,0.7452096131819267,0.9456421977427129,155.79473675320358,61.83993989957388,1,125.60254774486066,62.383038025084616,0.6642575189550448,0.9190676049758212,116.0,42.85306354340354,1,91.3892772703669,15.55843121640454,0.8901588682428694,0.9855893733816479,213.0539837693724,111.20807517356647,1,182.4719156473127,48.83535735616166,0.7339917515158821,0.968894053272456,102.01438109114254,49.02843467059666,77.6661995561364,90.89189727254629,0.6369287279412618,0.9392065664804894,68.9316289907934,34.257000413820634,52.453654237035316,99.71132789169819,0.5833668778381984,0.9118184232547427,53.81966900953279,27.987915711605424,43.11264035564973,24.457495520605217,0.8240631598454471,0.9843454865588365,147.8119163032711,69.8583427062528,113.8373666250948,47.92952418873183,0.7489086805989102,0.9688637708786677,147.96466235239208,54.63935546554873,1,102.73509100424025,75.06470236910214,0.6585636612944576,0.9395376871821847,95.65896158054407,38.41972035951325,1,72.69794434290198,93.73880151304002,0.5941843687181751,0.9122646053834946,89.41641990877054,29.629323951802405,1,52.43288302452901,24.397770256818635,0.8384047669469378,0.9843369788346746,201.52226765145681,81.37438253455974,1,152.6294629559659,160908.06010502647,Tropics
60,18.094868812201113,0.8674951434233592,0.9751746086834003,194.81273059017474,99.62868820870366,1,168.80758276807353,27.142303218301667,0.8144162580544475,0.9545088548048258,181.10770276274835,82.59637488331924,1,152.31546211727817,35.42716815303089,0.767946619538524,0.9342109700489405,168.7601848778319,70.24645906095326,1,141.36477637657833,12.860281762957218,0.9001980479153575,0.9858452360053357,216.48094604375694,113.42952200282977,1,188.5438818779631,32.59661367455086,0.799459004454052,0.9639776240829845,153.88307249337075,73.32260582070195,1,134.16407864998737,56.19749256817889,0.6937334749404126,0.9295404147252844,135.35139452550905,48.52643418949569,1,107.33126291998991,87.99276205247511,0.5849660048872707,0.8941301461584744,85.88364221433555,29.271493180221107,1,60.530983801686226,19.81388134936022,0.8651368328259297,0.9813594161620878,188.67962264113208,95.50268494850918,1,164.92422502470643,62.879669122398866,0.7006699330042189,0.9599680809527014,87.4606858863105,43.03227417049555,67.98998991388608,97.712291585886,0.6052325954302843,0.9227409919879503,58.98231505581834,30.21515830693894,47.41511088646409,100.0,0.5524412291963653,0.8897874908000375,47.75092732678468,24.571385972973548,37.944026456726746,31.691870233940804,0.7944248591619585,0.9796321237028989,125.96436398603693,60.909617899608584,97.21639472942219,57.670931885743826,0.7225395356091205,0.960012972183678,132.33265794468187,49.69975161376749,1,98.45018293559129,82.78402481582009,0.6282902472757594,0.9237229934682119,92.02610317962356,33.887517831087955,1,65.1262102779568,96.57489983197621,0.566328917077717,0.8908244286718879,70.79791449997583,26.1703112651618,1,47.11445579342859,31.536771358407652,0.8124402683339752,0.9796563373965844,170.0347243754052,70.64449325008567,1,126.84098800414681,123758.80256839632,Kansas-like
61,20.74428336571514,0.8508076863692676,0.971399205059673,181.37254478007415,89.71121199178333,1,149.10379507409147,30.294425347481692,0.7950048261053678,0.94818717751463,155.58920271021378,74.06065949260334,1,132.9661611087573,40.60678523389628,0.7403128544654168,0.9244754078991274,141.4213562373095,60.50902864112615,1,116.27553482998907,14.048722164101033,0.8905916634545139,0.9842054807724131,206.49455198624491,104.83332059671636,1,168.21414754576693,38.32013151995217,0.773314645792448,0.9578187676331152,148.0,65.20600452747782,1,125.53883861180172,66.85099387236586,0.6543619821499717,0.9176965229797819,100.9554357129917,39.609953555190735,1,84.09518416651456,95.7554924525482,0.5540238666761117,0.8793533712168828,65.96969000988257,25.38430965065638,1,48.662100242385755,23.628755044089075,0.8450832272331774,0.9781526205350879,172.69626515938322,84.41019164204701,1,141.4213562373095,72.75444627111045,0.6808336536507286,0.9538491426242353,78.19045785753413,39.655524030389145,61.6121873895234,99.8057091615603,0.5866112136466127,0.9121395668306955,53.99055976425648,27.970792406009107,43.15830544174598,100.0,0.5356662213297917,0.8762096522091607,45.11246389754769,22.859657197686804,35.26329051072898,36.76580481243462,0.7768748599342459,0.9764709086651352,116.84302379599198,56.737171475953446,91.3026487334719,64.0860857868779,0.702108992316258,0.9539897542636089,114.61819080447448,44.90163814709953,1,85.06571480723343,87.19175011209087,0.6100502112948344,0.9136803144534017,76.25359359442847,31.27257995719314,1,58.366055635516005,98.66985502914363,0.5473321054882516,0.8776778297197325,59.69568000861645,24.1134836592535,1,42.512109496579896,36.018532356897325,0.7985865594664623,0.9766079026475999,178.57500695856615,66.9935798289339,1,124.14213329621631,107000.73892002211,Sahel
62,10.118491921005386,0.920975292691466,0.9859760968332416,319.72488173428104,146.85609172155333,1,249.19069003476034,15.008976660682228,0.88968278977724,0.9747138916804347,297.6440827565702,130.0692232810196,1,234.91274976041638,19.885098743267505,0.8595121630035901,0.9632734997797584,274.4886154287642,115.03706582423744,1,215.25798475317936,7.274685816876122,0.9402797994118095,0.991992518192438,321.7203754815663,160.1891931775744,1,263.1744665657038,18.72172351885099,0.8766817378243236,0.9797138094870512,276.8104044287353,118.44055189981013,1,220.90722034374522,32.78994614003591,0.8039130091704869,0.9602360800346283,227.40272645683032,85.74928798552364,1,176.03635894185845,46.00359066427289,0.7397702609846293,0.940987408596802,216.33307652783935,65.61683512166896,1,150.3595690337,11.497307001795331,0.9176178776840742,0.989536247499517,311.33261955664074,140.5665945215082,1,242.42112119202815,35.324955116696586,0.774809250534705,0.9774528385912323,110.6159907013615,57.29695865140984,89.16220084336652,70.23339317773788,0.6798401813189671,0.9553351726614098,76.91890366602698,40.36699996734437,62.298503623621315,93.7019748653501,0.6245309657980616,0.9343721402350431,68.6960444218188,32.99056117375162,50.95337275185356,17.64452423698384,0.8585226236496653,0.988666493752617,163.04639804347852,81.7537289758013,130.8242068285875,35.18132854578097,0.7883429337112843,0.9774308384215045,167.90825859361723,65.0073750678143,1,124.63530622669795,64.6822262118492,0.6922152590081899,0.9554980287262222,108.74301344864222,43.25856644162948,1,74.95753029974108,81.89587073608618,0.6401374359500772,0.9346431765354506,91.05898468389329,35.800965644693456,1,67.06015931119059,17.63016157989228,0.869875556525035,0.9886830485262146,239.4821222496607,98.77452299729761,1,193.08816094402036,222682.2105265452,Scandinavia
63,16.75694771549694,0.8759514966906332,0.9769642928603026,209.91426821443082,104.44836618492346,1,173.6663467687393,24.55252001884126,0.8279826700137283,0.9581868235195078,191.41577782408638,88.13731273227461,1,156.46085772486356,32.242110221384834,0.7837639026416375,0.9397222727771561,174.26416728633572,74.58113684512874,1,139.31259813814398,11.775788977861517,0.907004979758347,0.9870783454463133,227.19154913860683,118.03134947934907,1,188.15733813794645,30.146019783325485,0.8120056002210323,0.9668620625631564,189.65231345807516,78.85383848092633,1,144.49913494550754,52.99105040037683,0.7073032190817948,0.9351530680204003,141.4213562373095,51.27605798135823,1,105.67875850898325,73.72821479039095,0.6241397909093824,0.9041341926071422,121.91800523302537,36.17786509728634,1,84.09518416651456,18.55864342910975,0.8729266918809386,0.9829016219332233,218.6869909253863,100.41760752396617,1,172.74258305351347,57.76024493641074,0.7130071998939987,0.963330166007391,92.14652878128364,45.04871593445069,71.24843256598946,95.79604333490343,0.6170802909593369,0.9291554031393767,66.38302830684859,31.679628016024402,49.34813911558792,100.0,0.5633731769910849,0.8980711534859374,49.91840893994365,25.669410842446517,39.327002467827256,28.921337729627883,0.8062776091847987,0.9815083496952997,125.28252373298837,64.48125956692299,103.64232413156346,54.61610927932171,0.7302028966089119,0.9632789430319206,141.88499582236594,50.60752395776775,1,97.32975605417167,79.98115873763541,0.6388128895104807,0.9296105877904655,92.9032744298829,35.31394396575335,1,66.41966298921386,95.27790861987752,0.5755721664831046,0.8990633111863229,84.88400975038944,27.40640674008936,1,49.66127908845046,28.95666509656147,0.8229903900736415,0.9814495056695082,200.0271434964276,76.22780544736032,1,146.331602085667,135878.0869434882,Patagonia
64,44.75831763967357,0.7421679393343331,0.9386378575163894,118.92854997854805,53.91157626460969,1,102.15669160304775,65.00313873195229,0.6501366812774805,0.8897175754981804,109.17875251164945,39.32902911451371,1,84.82923040720637,78.15442561205273,0.5790583047502434,0.8435782546488567,93.72299611087985,30.435543219627316,1,73.51188868323652,31.293157564344003,0.8063346963591972,0.9654320902907543,144.9413674559475,67.93183223633038,1,121.6552506059644,84.36911487758945,0.6203597476814807,0.9125955867080041,98.95453501482385,32.3955304999437,1,66.71378808014984,100.0,0.5156095000131898,0.85944254594424,49.186325176901136,21.53199757334917,1,35.54615390554048,,,,,,0,,50.15693659761457,0.7413288347071496,0.9545724529131777,112.28535078094559,51.06730062375293,1,95.0789145920377,99.71751412429379,0.5909816399123251,0.9098318085995899,53.40640307631157,27.461315365059235,43.07430926249303,100.0,0.5034835235616402,0.8424020751784669,37.06834903256403,19.357397286581772,29.980463706677423,100.0,0.4583819030743736,0.7932245971678435,32.66752880467406,15.807433799094516,24.449095906624862,75.23540489642184,0.6872619241708973,0.9521169336113195,79.78155350603201,39.075811932978574,62.084176070389965,87.41368487131199,0.6175444442086802,0.9114552331535622,96.22866489484095,31.419177568088838,1,62.14532175098914,99.59196484620213,0.5225787698730777,0.8477165376964798,58.11126923230744,21.23242431021934,1,39.21753814816631,100.0,0.47098757283600134,0.7986427955488391,45.62726791832647,16.782189033387994,1,29.31469851410207,57.909604519774014,0.7220637220810869,0.9529683492607588,123.77196916115805,47.8834860858154,1,92.0636852594329,50940.40707536052,SE Asia
65,18.445839874411302,0.8658485803453664,0.9745847022147478,218.6869909253863,99.37992271427055,1,172.04650534085255,27.89115646258503,0.810858955012963,0.9533668765819419,193.65949499056327,81.54931435081241,1,152.8397853963424,36.23757195185767,0.7648750334591051,0.9328986020113473,177.17787672280082,69.65074129920278,1,141.4213562373095,13.108320251177394,0.8990304131056337,0.9856189206443499,225.21101216414795,113.0338564295083,1,187.43318561720858,33.47723704866562,0.7979546976714041,0.9632864742898223,175.72706109191037,74.90106605871424,1,144.49913494550754,57.025117739403456,0.6926160356155998,0.9285256059789775,144.22205101855957,49.18679439645782,1,109.17875251164945,86.53846153846155,0.5857600655108159,0.8931258738943656,101.9803902718557,29.826444007378285,1,64.60772348222265,20.44740973312402,0.8633584859410436,0.9811030445896438,224.32119828495925,96.19928464474947,1,175.31685600648902,63.840920983778126,0.6986083179632031,0.959404133630632,86.02007342733948,42.46688403319349,65.70408796668005,98.58712715855573,0.6031997218078029,0.921937224744366,64.60909893779493,29.91397804411605,45.99409050975177,100.0,0.551390080543332,0.8889107307002484,48.59911416416689,24.42821043260222,37.59931968264209,32.06436420722135,0.7930924342405763,0.9793712724815763,119.82614499935958,60.53495845489318,96.54635427966414,58.987441130298265,0.7175773109196625,0.9593174161643725,115.68230714407814,47.3209762983408,1,89.35351301579871,86.26373626373626,0.6219533965023425,0.9229294723504499,86.53889006673353,32.931157500457864,1,60.664381675508885,96.44165358451072,0.5653536870202598,0.8900751527703258,72.60828671104836,26.12011498552632,1,47.26911096256297,31.78963893249607,0.8145284204315766,0.9794275613289065,179.65574470185402,73.43724858130008,1,141.9620885087354,122386.09403589858,Tropics
66,28.307141436244283,0.8128728167044487,0.9610512493285268,161.9876538505327,75.30083291523749,1,136.23509092741122,42.669584245076585,0.7384334726343044,0.9288262338651198,140.6840431605518,57.95474761801772,1,115.83408725518825,54.02824746369605,0.6820358697571272,0.8987871600569376,140.22838514366484,48.13658022138787,1,102.52804494381037,19.3952655659439,0.8612149237156915,0.9783673934667514,186.46179233290664,89.61392972900858,1,154.40207252495026,50.48736821165705,0.7257755889488692,0.9446441915608998,139.71399357258383,52.33197482447659,1,107.33126291998991,90.63059478814402,0.5791257637572012,0.891754730142114,76.4198926981712,27.944217904420384,1,56.142675390472796,99.9403222597971,0.512876056011609,0.8559997746220166,53.12026715296057,21.33814513205927,1,36.0,31.092102645713148,0.8108057824068039,0.9712631246688643,168.23792675850473,71.57990113859339,1,128.2497563350512,88.64133678138055,0.6459719079917022,0.9397805477568628,70.21428402373873,34.537070119695194,54.13847974488559,100.0,0.5536121141143981,0.8883531947257429,46.64481241671559,24.303806540505512,37.63661402614337,100.0,0.5040989276173151,0.8460788380620181,39.616985889731275,19.772257249032254,30.18817966172442,48.97553212651681,0.7425401593236823,0.9689390470628084,100.3433403783078,48.960811339363296,77.43438510105631,74.75631589417148,0.6689519241561498,0.9401546191776303,101.98849233237998,38.89520383417925,1,74.80329684479022,95.28545852397056,0.5741074850393117,0.8907792577759462,68.03002544853236,26.77384743369073,1,49.625920273941595,99.58225581857967,0.5211888509661222,0.8498038352529491,54.21373518787023,21.394558899107658,1,40.22398378158465,44.619057091704796,0.7708517531693104,0.9691257009047709,143.48613242944435,59.48207051544007,1,116.58192168237991,80377.02126760993,Kansas-like
67,11.978143942627849,0.9074250895238415,0.983398743936471,255.24889813670106,129.86216753475466,1,216.92394980729998,17.92879706309229,0.8698896784892904,0.9697157859381348,237.7561776274173,111.77835327328062,1,196.9771560359221,23.563561854349867,0.8354799407813922,0.9562581078509585,223.89283150650448,98.0876860949572,1,182.1647605877712,8.546059933407326,0.9301063753138763,0.9905990115521802,271.1162112452887,142.5081848552024,1,227.01541797860338,21.90728250661658,0.8565030341496581,0.9760430508850971,222.63872080121195,101.41459940101174,1,184.1738309315414,38.18833774438658,0.7739592823155925,0.9531579021038291,189.69449122207,71.97745583378693,1,148.05404418657398,54.1705796977717,0.6999242141942751,0.9302979325002035,159.84992962150469,52.15094404120536,1,116.27553482998907,13.557585588662171,0.903553096574668,0.9875874970230911,259.3838853899756,123.4716350495986,1,207.93075001778828,41.978997694868944,0.75335902585449,0.9732101635441995,104.98391330309929,52.740019562872824,82.76984882511398,80.73934944079228,0.6575064844859537,0.9473843853111948,77.7993513864654,37.18218522512501,57.629739784082076,98.09613250234783,0.6028007891858147,0.923234158128538,60.3094405712129,30.308621628527657,46.89060672288887,20.985230086228977,0.8405036128348863,0.9865327116963142,152.85296709382135,74.96350402753146,120.58502921969757,41.61188423119611,0.7687737086950733,0.9731787956785176,160.53469614106552,60.467136940748944,1,120.52243078987894,70.81021087680355,0.6775846653547285,0.9474535172258305,108.6378066762219,41.37529893082221,1,77.81509732390187,89.40493468795356,0.614653773087341,0.9234947094481808,93.05251018319582,32.4378629775843,1,60.22858086687555,21.036455220694954,0.8522422315851402,0.986549179746038,212.62101491105835,86.49674156630223,1,153.77649784967394,187554.37343724162,Sahel
68,45.74122236671001,0.7360441268670826,0.9374513683026966,112.0714058089752,52.02920330582588,1,94.40338976964757,66.18985695708713,0.6444119735038588,0.8873321359014991,99.03534722511958,37.76411174988367,1,76.4198926981712,83.90767230169051,0.5654695910702695,0.8379807620691477,80.49844718999243,27.72762805538336,1,64.62197768561404,32.314694408322495,0.7991031108762795,0.9643097485115838,138.15932831336434,64.34094094988369,1,110.92339699089638,82.96488946684005,0.6191095182940249,0.9102576457405673,102.83968105745953,32.63307391468145,1,67.05221845696084,,,,,,0,,,,,,,0,,52.3407022106632,0.7322951992982165,0.9524620682619548,114.61239025515522,49.361332046090254,1,92.77930803794561,99.67490247074122,0.586459223233674,0.9070001246250717,54.70593159213006,27.050600320603177,42.54857744521272,100.0,0.4989237640769512,0.8381556913675384,39.51894099389263,19.00237172243007,29.283649320978636,100.0,0.4547224215661129,0.7886651289523601,31.42052934100234,15.549643278278037,24.015931356328394,76.3003901170351,0.6826839847809225,0.9503610414034361,79.34386285627463,38.4273338932776,60.49683475926401,89.27178153446033,0.6117758991314229,0.9085761094705512,79.85677011305236,30.427805138206143,1,58.53514645851712,98.73211963589077,0.5291393268690722,0.8465209937490864,61.80469878451058,21.906475593142087,1,43.54139440413256,100.0,0.466042516441829,0.7931649375978151,44.89059182356635,16.363129218541513,1,28.638856436631254,60.30559167750326,0.7140126442731644,0.9511430822326745,131.05727513812064,46.05149572481697,1,89.4675429505576,49110.78883829114,Scandinavia
69,8.627902746619778,0.9319722807450783,0.9882050355010054,292.9846412356798,158.19798595054172,1,252.28555249954366,12.641726793184988,0.9052486246351619,0.9786506437835043,272.02941017470886,141.47143767622518,1,236.13555429032706,16.600982234887528,0.8800885966992931,0.9691906842113476,266.8332812825267,127.35950223512579,1,223.2129028528593,6.063178318074335,0.9491245100619174,0.9933005605401153,313.5602015562562,172.63197603163925,1,269.82067767557675,15.467167889407627,0.8951630844881209,0.9829825508981141,286.27259736132623,130.8223130952738,1,229.95651762887695,27.217607469835688,0.8314757222455172,0.9665680225317292,218.97945109073592,97.44583435214459,1,181.86587316217228,38.337476505184014,0.7742757196170388,0.9503344666673068,209.990475974507,76.15253753300604,1,156.20499351813308,9.507063602740557,0.9299986204861245,0.9911562163673541,286.27259736132623,152.74258989215758,1,245.60130292814003,29.80658461165343,0.7952781239645009,0.9809128460420656,126.21213509585546,62.52560217848965,98.03746501256083,59.437337052082704,0.7013461315330127,0.9621359364117823,85.99152070155135,43.95149457587097,67.97242126453145,85.76365730916147,0.6454664620887749,0.943853585809027,69.0796946800928,35.813850159526055,54.95915263203916,14.879039592554417,0.8747824056159269,0.9904235006489351,179.40751695026364,89.44521716940264,145.2321905623846,29.630752440429276,0.8080632800689008,0.9809194107409129,192.15033898876445,72.53192536163964,1,144.78878722589403,56.5088219244528,0.719748043124328,0.9621503160645821,125.25507342555521,49.36728579405401,1,93.97165809486533,78.33626386952041,0.6571583925079955,0.9439615565123358,107.95348170600508,38.298801134594164,1,69.92227354575672,14.85478687928212,0.8830670340975052,0.990435932598172,264.79278913202904,105.17682231191758,1,197.2633935485746,263876.19658502156,Patagonia
70,19.192886456908344,0.8616352739627068,0.9736082042673811,200.63897926375125,96.63779962140399,1,164.43843832875572,28.413132694938444,0.8072322451350903,0.9519404048000957,184.39088914585776,79.77480599901604,1,148.0,37.29138166894665,0.7586134544508236,0.9305506255340998,172.41809649801846,67.0226334825776,1,130.26434303552915,13.543091655266759,0.8957721165011577,0.9851036365297514,221.7746604100658,109.80950559447757,1,179.28747864811976,35.17099863201094,0.7886774816228287,0.9613348875212427,178.88543819998318,70.58450255450072,1,136.5283853270081,60.32831737346102,0.6804462991981512,0.9250467910113879,138.10141201305655,45.80704765059125,1,100.9554357129917,91.91518467852258,0.5734838073819838,0.8883246708902816,93.38094023943002,27.55014629439953,1,54.405882034941776,21.723666210670313,0.8563340353046499,0.9800583083335197,189.52572384771415,91.20731549366137,1,156.84641964704687,67.03146374829001,0.6932488494821502,0.95757608507788,83.98808486524025,41.6462586579418,65.45612038332196,99.08344733242134,0.5981879196495079,0.9187749933194183,56.267005221015836,29.308765919707728,45.5518448171152,100.0,0.5460500226138377,0.8846696111792265,45.91768554874984,23.84460416283081,36.50693852406618,33.65253077975376,0.7881002642861048,0.9784727417888182,120.58043156764336,59.23877572206847,94.04884182466175,61.217510259917916,0.7118761579849459,0.957649068789865,117.2284143080741,46.45792044658924,1,88.20079072181835,86.85362517099863,0.6179902301695992,0.9198571515245874,81.47386757767354,32.221261769200616,1,59.1972801299882,96.04651162790697,0.5613410769046434,0.8861910839445182,73.13275802232272,25.739974585404507,1,47.885468675171,33.52941176470588,0.8075668207565245,0.9785537528113268,178.46812459532015,70.46413128601979,1,135.1404245894181,116907.80774403072,SE Asia
71,66.47860836859427,0.6674797557238862,0.9094416198479782,83.5224520712844,38.55138487311945,1,72.11102550927978,91.4433474377057,0.5521338227547767,0.8361280019514602,68.11754546370561,24.93422898472318,1,53.81449618829484,99.8119417019276,0.4566044843058013,0.7644968607777913,53.36665625650534,15.993978271746757,1,34.40930106817051,46.3093559003291,0.7472391831227367,0.9493326966456849,100.0,50.30997827094493,1,85.60373823613078,99.01269393511988,0.5585013716661489,0.8843481080620921,60.0,25.262834981398587,1,44.181444068749045,,,,,,0,,,,,,,0,,75.64645039962389,0.6692145650192687,0.9323726398088322,83.23460818673925,36.64764489088754,1,65.60487786742691,100.0,0.5426157862926129,0.8743367936761166,44.70764695379464,22.418468568040225,35.062388728309706,100.0,0.4615238152565959,0.7947429899814852,30.260527708582007,15.858787544897346,24.649639658998918,100.0,0.4202972302629736,0.7413692335369626,27.46611441283377,12.950589989251334,20.10699593950942,91.63140573577809,0.6377236518461813,0.9305981003683349,66.61005715040478,32.291577454025585,52.9693803472016,94.92242595204513,0.5710132635077377,0.8790340452759491,64.89083273781378,25.686123762220667,1,50.13596877258458,100.0,0.4840371918061097,0.8047999475600914,45.99594417016944,17.544222178160634,1,32.57966469282034,100.0,0.43336920727534656,0.7486193301887465,38.621707682809664,13.77488703419509,1,25.076350783503777,73.67183826986366,0.6719220629387125,0.9326484972997796,90.0124382419309,37.55222118991478,1,70.14999931084355,33971.87111997564,Tropics
72,15.253872633390705,0.8865345399069562,0.9790376653812518,262.08395601409865,115.56507749556478,1,209.41824180333478,22.719449225473323,0.8413132047891727,0.9617741060034203,240.8318915758459,97.48548431545008,1,185.68785029412,29.75473321858864,0.8005090070100769,0.9445552983695155,225.28204544525957,84.60108285761825,1,170.37602434691829,10.595955249569707,0.9155909548128995,0.9882051123322287,268.32815729997475,128.9200385375845,1,217.8072542409917,27.635542168674696,0.8284234155233743,0.969715422460004,233.23807579381202,89.85465238219552,1,177.62882648939615,48.278829604130806,0.7322313015509794,0.9406944667226371,188.04254837669055,60.54743669425971,1,136.5283853270081,75.51635111876077,0.6265366417819667,0.9109589040676515,114.49688695741536,35.90566178911889,1,79.19595949289332,17.02882960413081,0.8834686871829537,0.9843423349515736,259.3838853899756,110.3764407963088,1,200.8780724718355,52.71084337349398,0.7247104576968869,0.9664815752347219,93.24324946416571,47.06905631996284,74.04764647528248,93.28743545611016,0.6285413154879907,0.934750138832421,66.67943094262331,33.06419559004081,51.17128699142797,99.94621342512909,0.5746887533927806,0.9056597219408671,52.58723061417699,26.904545298461905,41.46019821201839,26.387693631669535,0.815828168538265,0.9830619263153721,129.98493758156388,66.79487766981363,106.26912478952704,50.602409638554214,0.7426653919278836,0.9664102110537187,140.4405018836896,53.122030255202155,1,102.01596287624703,80.14199655765921,0.6454513375764589,0.9351623776211175,96.97096274099292,36.20532039448138,1,66.48333530498215,93.1906196213425,0.5892386061312003,0.9067134671554787,87.45214255036235,29.056779950028453,1,53.20874116029239,26.376936316695353,0.8327212758295499,0.9830854910106465,191.52429460434172,79.50913850303927,1,152.22623332849435,148670.0693947134,Kansas-like
73,9.097411887111457,0.9283532274767378,0.9875047534559933,290.6819567843866,153.38304973122712,1,251.745903640953,13.415268565483156,0.8997470276379291,0.9771932148989189,283.7463656154912,136.4454944837146,1,234.4013651837378,17.87618676030693,0.8714483976005706,0.9666130680544117,260.4611295375953,121.02018043361124,1,214.40149253211834,6.372740278319677,0.9464268340686743,0.9929522064239718,307.34996339677673,167.11133997260168,1,264.27258654654287,16.699180647678503,0.8874948097040651,0.9816575941490376,262.41951146970763,124.00417054500697,1,221.2690669750293,29.165040967616072,0.8209795349966187,0.9641299552221354,220.0,92.68093473983743,1,180.88670487352022,41.05865522174535,0.7605723640052281,0.946712491797916,199.2786993132984,71.17776956872848,1,153.1012736720371,10.339445961763559,0.9247485403611219,0.9904893637433512,286.35642126552705,146.47002024204926,1,241.49534156997728,31.87670698400312,0.787197878013817,0.9795130469095097,116.73936779377033,60.36916317536601,94.26084708033494,63.94199505787489,0.6922972180468485,0.9594377028877439,84.6582309525041,42.36422557605574,65.07481966502884,89.5500065027962,0.6367772279066752,0.9400882913603034,69.31180961622911,34.606111387581095,53.28057128965135,15.931850695799193,0.8686733280836232,0.9897548758185365,180.37302781224918,86.58753043945681,140.22978742083396,31.961243334633892,0.7979393500309289,0.9795231089816753,165.83553909537733,67.42332664732083,1,126.96924929669814,59.84523345038366,0.7113254484953917,0.9595217115308492,133.000745564165,47.9302015352383,1,91.63748641256447,81.34347769540902,0.6485461463404342,0.9401742039371608,101.70094764624959,36.90465479810266,1,66.98302574679758,16.0098842502276,0.8774336526113222,0.9897446806738944,275.3242084314829,103.49851320638349,1,204.23593725853218,246086.76886676566,Sahel
74,10.87288264916832,0.9156949132387592,0.98511270388235,268.80476186258306,137.89385444576348,1,224.81098895291996,16.114756600030518,0.8818185248430888,0.9729111867934903,254.24397731313127,120.87877579769098,1,212.1508896988179,21.104837479017245,0.8504370427865497,0.9606991205972322,232.99785406737118,106.67527772168492,1,193.03885619221847,7.5156416908286285,0.9374686352089091,0.9917055953514831,294.40108695451516,152.72108102353008,1,244.88364584022347,19.540668396154434,0.8701787079048691,0.9784974139751714,243.83601046605074,110.09862070851992,1,196.01010730011518,34.22096749580345,0.7939022198085615,0.9580290315192823,199.07787421006887,79.96882664684658,1,163.2666530556684,48.4587211963986,0.7251956049682181,0.9374736299464176,161.24515496597098,58.928127245135364,1,127.95309061734092,12.078437356935755,0.9128182981207955,0.988832920863058,257.9922479455536,132.27948356249985,1,219.1255347968374,37.44849687166184,0.7669656728222952,0.9760550462282159,115.53192862685682,55.83103475088853,87.99998605499741,74.00427285212879,0.671500859718751,0.9527359609831599,81.32926939175591,39.23910579966525,60.73783639403388,96.10102243247368,0.6159322738001359,0.9305408737456878,62.75654730382229,31.930088841746905,49.14178846131637,18.792919273615137,0.8521586731407198,0.9879672550295193,162.5443458394447,79.47078277669623,127.91940766420832,37.44849687166184,0.7806495110313557,0.9759842151924286,162.8096918686097,62.999388555039324,1,121.00920862061912,66.03845566915916,0.69171625917566,0.9528217253365776,117.6427078616284,44.15759221405002,1,84.06209631296544,86.54814588737982,0.6285139323084767,0.9306609914534464,85.7539872806,34.08682412036768,1,62.122332523921656,18.770028994353734,0.863076011229964,0.9879613300586568,231.42413432610243,92.82764176883624,1,172.44101609929768,209696.10983583672,Scandinavia
75,44.2505453412278,0.741602343439445,0.9391720075360881,116.61903789690601,53.359365641575906,1,96.74709297958259,64.69305079464007,0.6491297229689965,0.8898084561753865,101.27191120937731,38.716664472734465,1,77.6659513557904,83.07884076036149,0.5701735004470572,0.8415806140992346,82.46211251235322,28.236116958129262,1,64.1248781675256,31.38049236522281,0.8032455752455027,0.965369489449581,130.78226179417453,65.50057761917851,1,111.13955191559843,74.7896540978498,0.6396471400661704,0.9143224321498615,100.0,35.770938813197624,1,75.72553792900575,100.0,0.512352479560774,0.8539277591639431,46.8187996428785,20.977594814508848,1,34.36634918719032,,,,,,0,,49.67279526332191,0.7400732247058905,0.9545485552609012,104.9952379872535,50.37393781147465,1,90.68627239003708,99.43907759426612,0.5903756735736972,0.910139701670033,54.088983191642235,27.56617255531621,43.17995582900755,100.0,0.5037392268297524,0.8432472784599679,38.77714157527451,19.49729345851461,30.393546828960048,100.0,0.4586290290720916,0.7939936466568146,32.07744605233241,15.880645641490847,24.779032318293524,74.57151760673106,0.6871385942191081,0.9523266617615501,76.82233268681996,39.192389222412736,62.21209553960288,86.50669990651294,0.6168143328828796,0.9119956248151065,81.369477090862,31.35380150919438,1,60.582046206190284,99.3144281707697,0.5281058411590343,0.8493402644528095,63.39598806491079,21.796353071424264,1,41.645525532202406,100.0,0.4695105057970899,0.7980664731048798,41.149336660083996,16.625145563652026,1,28.848173468991945,58.772203178560304,0.7176681118309534,0.9529334312243459,111.76856618008621,46.10033042149422,1,85.48644340125531,51366.31510367814,Patagonia
76,10.947826763082187,0.9150318774681888,0.984983906487204,267.76108753887297,137.96085570774096,1,232.99785406737118,16.056294222844258,0.8815352248639297,0.9727212072668272,252.1269521491108,120.67031702848908,1,212.94130646729863,21.335821475779486,0.8493252895548743,0.9603729302834336,229.2596780945136,105.70186481630455,1,191.41577782408638,7.7521188088018045,0.9360380954830033,0.9914945938893986,280.3711825420009,150.45966967690143,1,240.53274205396653,19.897364124096104,0.8680313636445461,0.97820765887326,223.89283150650448,107.75496364433903,1,189.52572384771415,34.58518000155509,0.7918926365109655,0.9573468705247973,209.41824180333478,79.66647383970098,1,163.41358572652396,49.10971153098515,0.7231647608572421,0.9365691075462155,179.10890541790488,59.461997042803794,1,138.62178760930766,12.1452453152943,0.9121002682137391,0.9886704185774906,267.4023186137323,131.7395683804717,1,220.90722034374522,38.200761993624134,0.7644809634987374,0.9755978101956068,110.82556881622648,55.165080630563395,86.44241088293668,75.70950936941139,0.6687911428305877,0.9518460867919235,77.08833486163363,38.753914289037475,59.57889825366645,96.65655858797916,0.6138229937106945,0.9293051018663192,61.639480338992136,31.650832862812297,48.59503315073665,19.073166938807244,0.8506045621108779,0.987733986015544,157.4648560507125,78.99492015037109,127.98459651897873,37.905295078143226,0.7790531327562531,0.9755141307575893,162.23604685157554,62.868357448888375,1,123.80251486522803,66.19236451286837,0.6925818804908344,0.9519644354739496,113.77788013879423,44.48332222059952,1,86.68804603675302,87.34157530518623,0.6262905557979732,0.9295212120324137,88.65029959704576,33.773303603965985,1,61.54674303912416,19.034289713086075,0.8612126809181865,0.987743158218579,223.99134138083375,91.30749146430352,1,164.27039353250578,205731.86595910334,SE Asia
77,19.605952052907135,0.8587661826664911,0.9732244080110787,225.84950741588966,94.52433793734384,1,158.24032355881985,29.071369523284652,0.8036825335365757,0.9512141844914375,199.9199839935968,77.97155584838777,1,140.22838514366484,38.23367318820612,0.7528893202701223,0.9291989938644991,190.829767070025,64.90743306214814,1,127.12198865656563,13.777900248002203,0.8938724514532539,0.9848293716827127,243.3105012119288,108.04277818159531,1,174.26416728633572,35.340314136125656,0.7869335863993596,0.961329410245839,190.1578291840754,69.80257518793879,1,132.9661611087573,61.86277211352989,0.6744683087831507,0.9243825118670135,144.55448799674122,44.613942233864364,1,98.38699100999075,91.74703775144668,0.5703907013180874,0.8881323353323013,101.25990827472046,27.51558176977855,1,55.27193216164055,21.782860292091485,0.8552335953580653,0.9798449343595668,226.4155471693585,90.3176948665535,1,156.46085772486356,66.36814549462662,0.6938175514929196,0.9574676801761764,109.07363423402664,41.881683143755,66.95996762697509,99.10443648387985,0.5972513164044787,0.9183127395407675,76.39111802841728,29.16654813968692,44.84895685300153,99.93111049875999,0.5457169599847647,0.884189575476105,66.6447263065517,23.838599070710885,36.713783656790426,33.86607880958942,0.7876172161070617,0.978390819966906,150.776481534033,59.37257829926305,96.75860222018345,61.07743179939378,0.7119943976758211,0.957362349409055,160.78803876504327,46.94292554492928,1,89.87145985617451,83.68696610636539,0.6214241210966287,0.9195702535797164,114.3220003541697,32.97457912921134,1,62.96784405803476,95.6737393221273,0.5601871298560709,0.885535384068594,111.88852337161315,25.756635346135496,1,48.58335282454527,33.659410305869386,0.8075154839854823,0.9783922890795207,175.1595931102532,70.2104687747104,1,131.47821685177908,116035.8531635666,Tropics
78,42.657766990291265,0.7479067384739387,0.9414406231716007,125.53883861180172,54.85751336360125,1,100.07996802557443,63.44053398058252,0.6534109153659865,0.8927692027791073,101.19288512538814,39.326871832973765,1,80.09993757800315,80.76456310679612,0.5786367490457214,0.8473241023941431,81.58431221748455,29.330647856435704,1,64.4980619863884,29.945388349514563,0.8084360135791882,0.9666809506112751,128.06248474865697,66.55515517492039,1,109.17875251164945,76.4866504854369,0.6394359416643813,0.9155263515916504,93.38094023943002,35.26477002487608,1,72.02775637731995,,,,,,0,,,,,,,0,,47.36043689320388,0.7463934817497581,0.955963307669079,121.45781160551181,52.47317719949161,1,96.68504908646308,99.30218446601941,0.595047265237744,0.912462111869241,54.923908318126344,28.10724793769706,44.79991815763826,100.0,0.5072563728063588,0.8465208686303662,44.86648901543862,19.746525047967996,30.54263888099828,100.0,0.46093673231109955,0.7971671933809921,31.33295701033246,16.01193897220069,24.52222508194223,72.20873786407766,0.6918780657664434,0.9535642208914697,88.03704897913624,40.05255783154368,64.89814184020805,86.2864077669903,0.6204773094208956,0.9142650773830916,83.45460907661496,31.717739906579773,1,61.11446769237969,99.5752427184466,0.5242707640764218,0.8509007062914161,58.5796150819984,21.48466169234532,1,39.8304742379398,99.84830097087378,0.4761695506757608,0.8032849224834372,58.5796150819984,17.367994069403863,1,31.75133368363413,56.978155339805824,0.7237190980117528,0.9542188886755458,110.2698928300285,47.40497944310532,1,89.85804896526109,52727.381931516415,Kansas-like
79,9.367681498829041,0.9262445882578962,0.9869350558903152,284.67525357852935,150.77267159361125,1,245.17748673155128,14.058213449314152,0.8960807151718713,0.9761735246407578,261.01340961720723,132.90657496416304,1,226.87441459979573,18.28036132485781,0.8690925620110428,0.9657826816798083,252.6024544615511,119.48559173812689,1,212.56528408938277,6.657745065239211,0.9445377234889448,0.9925900375505805,301.56922919953223,164.76428662021053,1,260.76809620810593,17.055871528939445,0.8854838223217972,0.9812287761240008,266.5633133047382,121.55586040288554,1,212.33935103979195,29.862830378052863,0.8177455558730233,0.9632029566019152,219.1255347968374,91.31642036474999,1,178.5721142843977,42.45567079290733,0.7553144920347662,0.9452199317202512,192.66551326067673,69.92903459673325,1,148.8086019019062,10.438273670123788,0.9236498137468081,0.9903195589073983,282.72955275315667,145.69037503181815,1,241.66091947189145,32.89394446303112,0.7835288851283295,0.9789149346675933,121.03148429872958,59.254287606316694,92.4363990689234,65.62730010036802,0.6897412363545947,0.958341325064154,85.09302181941494,41.930024358975295,65.12113385556276,90.56540649046504,0.6338634956573594,0.9386095950642714,68.8199954837484,34.165412515902254,52.75727864044649,16.36667781866845,0.865914127399874,0.9894429646447478,171.21468440599637,85.04187469624411,137.45537856127473,32.6530612244898,0.7972417553914772,0.9789778599036494,177.93195275874666,67.60535654598709,1,129.19110362691742,60.75610572097692,0.7082110781973543,0.9583916411303333,130.14911694723537,47.17026234417079,1,91.17249089674763,81.07059217129475,0.6475337706091531,0.9386634122803468,101.9789357678153,36.80857830218832,1,67.59084011566605,16.400133824021413,0.875066031909144,0.9894464853367348,247.63892651669948,101.28826741199687,1,193.1278310741731,239143.6168468653,Sahel
80,19.454545454545453,0.8595853211354173,0.9733500868839551,210.78899402008636,96.08888415300805,1,170.55204484262273,29.076923076923077,0.8034653774573944,0.9511981191509182,186.59046063504962,78.24570618564749,1,147.07821048680188,37.81818181818182,0.7550124560132798,0.9293901461884426,179.28747864811976,65.8788005062228,1,132.9661611087573,13.524475524475523,0.8950874124814007,0.9850539269640539,234.4013651837378,109.24450515949465,1,182.6997329130994,36.37762237762237,0.7846763397723906,0.9605021736798588,192.4162155328911,69.9888188257559,1,138.85243966167826,62.47552447552448,0.6737230395853776,0.9232427429480355,147.5127113166862,44.75693452505085,1,105.67875850898325,92.43356643356644,0.5674674978107682,0.8860642265599492,78.89233169326408,27.04571440165605,1,54.405882034941776,22.41958041958042,0.852884430075822,0.9795767917792508,200.8780724718355,89.65447894891024,1,158.7274215158154,67.73426573426573,0.6910713585559316,0.956788250978286,83.21355415173146,41.37775932168251,65.45702437847086,99.38461538461539,0.595583128066727,0.9172945192677543,55.861600554298754,28.969720322842136,44.753751545016684,100.0,0.5436937297275011,0.8826467700744397,46.25361314011704,23.627075595650993,36.32374405171256,34.39160839160839,0.7864761124347124,0.9780678116380525,115.72052000468221,59.09141280225923,95.131567546005,61.63636363636363,0.7102707491474682,0.9567486380625466,149.25018662355458,46.663756074369836,1,88.3569060862034,85.84615384615385,0.6176460833357678,0.9185419336839514,88.13418037910151,32.402283368371236,1,61.95706275185825,97.0909090909091,0.556570602097253,0.8841115614583394,88.13418037910151,25.31545806540242,1,45.19800814209271,34.20979020979021,0.8048186553844564,0.9780473084532809,169.9740219486999,69.07722117318667,1,129.16394458869107,114389.09823869208,Scandinavia
81,19.732016925246825,0.8578241835113581,0.9727925206634098,212.30167215544958,94.43356271255281,1,164.14627622946554,28.956276445698165,0.8029470741559679,0.9507010017317342,190.53608582103286,77.93442664846253,1,144.22205101855957,38.5049365303244,0.7510891624397257,0.9279618679102984,169.7056274847714,64.58395555962841,1,129.1200991325518,13.822284908321581,0.8934496457084344,0.984574090942447,218.6869909253863,107.9402135008725,1,179.10890541790488,36.36107193229901,0.7836625465507114,0.9604199964750479,166.4692163734785,69.49885186347247,1,140.91131963046828,64.73906911142454,0.6652675370055585,0.9223546930718577,130.29197979921864,42.43293375291148,1,93.72299611087985,93.39915373765866,0.5640434376195608,0.8854708948928752,75.3050931253646,26.56247731015762,1,52.15361924162119,22.32722143864598,0.8524306163715377,0.9795443569985715,193.65949499056327,88.24571713483778,1,152.0289423584921,68.87165021156558,0.6897269724367238,0.9562987030964177,75.99959284604661,40.9799817363901,64.43113093095319,99.11142454160789,0.5949689563258492,0.9165809110917648,56.99410335523023,28.930291261555357,45.245529444714386,100.0,0.5426561871004164,0.8817865933036719,47.44542393981225,23.525586388259256,36.27199731196028,34.724964739069115,0.7852999759337445,0.977849726696651,118.47712647006756,58.74533552316427,94.60040288683135,61.65021156558533,0.7116721879230935,0.9565449314555665,136.95354988201382,47.775495521408395,1,97.68948293269045,82.91960507757405,0.6215766541980764,0.9179373980233573,83.73305888377078,32.99228426812714,1,65.07671566958604,96.05077574047954,0.5580569174142894,0.8835693803408644,80.69653098024563,25.416024954811782,1,47.619143443639445,34.45698166431594,0.8033807681551915,0.977860172805432,158.30330023899967,67.56955527864966,1,123.14285737173837,113359.43752020031,Patagonia
82,9.245357566179376,0.9273398215729313,0.9873539451268282,309.6578757273905,152.1506182782463,1,245.40578640284747,13.91413143684973,0.8970960163989212,0.9768313532816203,269.9036865253974,133.23421453070227,1,225.1754871206011,18.200974581851707,0.8698249117117434,0.9664160940944663,268.47718711279737,119.75803175529738,1,210.52315787105226,6.598182536546819,0.9448947847378806,0.9927775821694601,309.6578757273905,164.69961777503696,1,257.0291812226775,16.890557092058476,0.8861929321422877,0.9815162084825205,268.47718711279737,122.30660265581226,1,214.84878403193255,29.428420913999737,0.8195081955527264,0.9637124389471284,222.92599668948438,91.97502809988669,1,179.77764043395385,41.9399446858949,0.7570311652578244,0.9460656389977404,197.46392075515973,70.03102175631503,1,149.34523762075577,10.410904780719084,0.9240439340038883,0.9904031583323689,285.3769437077915,145.34670342353945,1,236.5417510715603,32.33899644409324,0.7856445341985767,0.9792325736423385,114.11486362874115,60.11250323718317,94.56560213790965,64.59238772553668,0.6904322744090515,0.9589627607836725,81.71838731770819,42.13272050762711,64.84066930154697,90.98511787172396,0.6346369134315869,0.9394228354459254,67.61591361375973,34.3193904648327,52.527775524296125,16.185960753325432,0.867002452839055,0.989607446853443,175.2725564050738,85.73397611293193,138.26296431706305,32.3258264190702,0.7979517822891645,0.9792666916141197,200.1095885041025,68.62949538566482,1,133.034532032808,60.384564730672984,0.7076790100457876,0.9590466083981863,115.64206252214113,46.79058040771387,1,87.50691677807376,82.27973133148953,0.6454817299187904,0.939558568829653,103.22821091192736,36.458971909500406,1,64.72051500852409,16.19913077834848,0.875986822022358,0.9896283555168189,255.8945416357371,100.51762693627774,1,187.57364066322452,243162.46764789685,SE Asia
83,12.184365271532343,0.90701369735445,0.9830286335782227,267.0131082924582,133.56638527808002,1,234.91274976041638,18.073331027326184,0.8699802255117348,0.9692472571581016,254.27544120500508,115.42925576561332,1,214.82084530313972,23.94500172950536,0.83491156969413,0.9553925570993766,242.55308697272852,101.55458142959606,1,202.3857702507763,8.759944655828434,0.9295445018733095,0.9903140956892375,289.46847842209,146.4431796078999,1,250.50349298961882,21.73988239363542,0.8594487194887639,0.9757705192487277,263.1501472543764,108.71199175800815,1,209.9790448104956,37.832929782082324,0.7793970994158486,0.9526307716394572,207.88458336298052,78.19380093747932,1,172.30437465409562,53.67519889311657,0.7062013396313448,0.9296612881035516,169.7056274847714,56.057078725983374,1,136.0588108135596,13.187478381182983,0.9055226490101502,0.9875127541927595,263.1501472543764,127.91139869112453,1,225.58013528046934,42.398823936354205,0.7518203673350482,0.9728840820360606,104.65645757000945,52.41797983704274,82.48523876543364,82.75683154617779,0.6553211003028512,0.94674851434708,73.06428310672759,36.74617247512332,56.30000917578174,98.67692839847804,0.6008692604473466,0.9221476386053002,58.96871214362813,29.991544007085853,45.93264981469862,21.316153580076097,0.8393398602261087,0.9863412394787202,152.9805393492009,74.31353035331338,117.72354650895913,41.83673469387755,0.7676791788949555,0.9729071694013015,146.93985357333793,58.72401161269781,1,109.98983666381305,72.34520927014873,0.6704315250292813,0.9469939582122157,95.4844730097797,39.816226392867826,1,70.99147667883952,87.15842269111033,0.6176955039103496,0.9227748900598849,92.96559866915841,32.762504969565185,1,62.014247841509814,21.272915946039433,0.8537865841036956,0.986391233472831,208.82516986919288,89.77888193370732,1,171.978066370474,185061.08211477386,Tropics
84,47.10411784399063,0.7306139230116853,0.9353793332659358,127.12198865656563,50.710081147007394,1,92.0869154657707,70.5724807499163,0.6311858791530888,0.8819343586439351,102.52804494381037,35.636918131207366,1,73.7563556583431,88.95212587880816,0.5517891752193234,0.8304881477360868,78.587530817554,25.66387716927715,1,56.7660398784224,33.04318714429193,0.7949256354527638,0.9632357405439335,127.12198865656563,62.30539093118242,1,102.2154587134451,81.18513558754603,0.6203396219477134,0.9088236392939357,87.72684879784524,32.78085212513357,1,66.58035862036404,,,,,,0,,,,,,,0,,53.1637094074322,0.7276208771370803,0.9515449047161275,107.70329614269009,47.445659174496846,1,83.23460818673925,99.83260796786072,0.5823659727115217,0.9045139241657137,51.16451895601074,26.634587684723954,42.08253719792397,100.0,0.49527130406740794,0.8344703297010003,35.95104677049974,18.693107360652505,28.744128317858163,100.0,0.4511570401014824,0.7845030010951829,29.596309920969734,15.287603392220255,23.664977909756082,77.06729159691999,0.6793830651838466,0.9491085085351583,75.64541780559635,38.18087689771427,62.23839544631903,88.95212587880816,0.6081435042458855,0.9063331529086608,90.78932542495761,30.235566349903536,1,59.227282257111696,99.46434549715434,0.521577617652315,0.8418409027567172,56.276479603800915,21.112835631082874,1,41.236391632962054,99.89956478071645,0.4627612442444555,0.7895809017872009,55.3385352460944,16.17422899297761,1,28.370077122624124,61.70070304653499,0.7080335842130425,0.9496684868679465,102.62265642635552,43.7929592822692,1,79.6126034851526,47861.548935714534,Kansas-like
85,12.103295365620381,0.9065944581887131,0.983172901985897,260.5839595984373,129.65581132980137,1,221.30521909796886,18.15494304843057,0.868667072057657,0.9692580515816672,241.76021178018522,112.71968721074916,1,207.57649192526594,23.84140509520911,0.834306487619709,0.9556819624530575,224.35685859808254,98.67226205472303,1,190.53608582103286,8.686201199895661,0.9293984465446296,0.9904434823903662,275.5358415887124,143.20901747798592,1,239.0983061420553,22.41544213546648,0.8544712636872047,0.9755948297075302,228.0350850198276,100.97294529323877,1,187.3606148580859,38.727067211546824,0.7722904938514585,0.9522816962925326,193.32873557751316,72.26360442049346,1,153.3101431738944,55.44735240413877,0.6978916648629675,0.9289180217716464,171.81385275931623,53.09777298078447,1,130.23056476879765,13.764020519954787,0.9023333183372224,0.9873731465638883,244.39312592624205,123.1946781515501,1,213.95326592506132,42.66585514303104,0.7505659616322345,0.9726954300912656,103.21080178306153,52.138340125564135,81.54450754492447,82.79280062603252,0.6547851847894507,0.9464896967802576,74.89861382630406,36.76535380638438,57.070601831175786,98.58273193635337,0.6002806825684822,0.921812771002471,59.364900023516405,29.983125948584977,46.20110308218885,21.328580123467525,0.838411219371673,0.9863024806571986,146.83237474540306,74.04500685563683,117.62486654275592,41.796365533431874,0.7678580041649284,0.9727424314611115,150.8314104506717,59.32621215245665,1,114.09517963457047,70.79384401356404,0.674286605411871,0.9467500268050523,100.7424413850323,40.88175389147115,1,76.7173260049872,91.43552734544822,0.6111788618748225,0.9221264387621577,83.59778939905422,31.596903841086036,1,55.13153415650397,21.40683418833145,0.8520734560338707,0.9863010793554748,221.99801825195573,88.03902487698632,1,165.60789519858824,183915.51216942712,Sahel
86,22.861332898810495,0.8394582564521021,0.9686560929174645,173.0664612222715,84.53281069545282,1,141.8731828077456,33.84389766987127,0.7771010485935123,0.9431395699921982,148.0,68.14914336743873,1,124.96399481450646,44.41909727880072,0.7213296784229727,0.9175105002489797,134.16407864998737,55.47453345798588,1,107.62899237658968,16.13166042040085,0.8790109286925359,0.9821815616186373,181.94504664870655,97.49618969753055,1,155.79473675320358,42.1541469773505,0.7560812862221477,0.9540444619850942,137.92751719653333,59.17794011547836,1,111.6707655200756,72.0710444842757,0.6373557977019734,0.9111353017172038,105.60303025955268,36.83097494886155,1,79.19595949289332,96.85514094834609,0.5422319557064265,0.8730971425142536,68.11754546370561,24.345744497465816,1,46.647615158762406,26.038781163434905,0.8332430444096689,0.9761213683727125,161.24515496597098,79.13884718739698,1,134.1044369139217,76.32393677692684,0.6718709667651472,0.9499346354646209,75.35136966294401,38.34038148333456,60.653705597438005,99.91852696757373,0.5763241706950252,0.905378450862974,51.609630480141426,26.798193838482955,41.3117211151851,100.0,0.5256119138466022,0.8674374076676946,45.24483562371828,21.835922290929737,33.49994784331657,40.08473195372332,0.7674587522740663,0.9744770993757152,113.49348302579936,54.75913597066246,89.35445982574959,67.60632230731628,0.6918923753356618,0.9499893856293181,116.41590746398104,43.222609617203105,1,84.3615654291879,88.54489164086688,0.6004619933909252,0.9071820284320535,77.17662584361763,30.111182360912668,1,57.24694787906438,97.93058497637283,0.5402182792729001,0.8698336696955045,64.34260967325092,23.486797745431556,1,43.685268454653915,38.569333550594756,0.7885141944434083,0.9744558406366542,155.08526589583644,63.32919521442565,1,116.6375260242338,98248.4297860551,Scandinavia
87,63.68613138686131,0.675563657419448,0.9122151651305388,96.74709297958259,40.41842305257048,1,78.08066211358386,88.18430656934306,0.564753099233433,0.841829768496741,82.46211251235322,26.645395775804637,1,59.464274989274024,99.17883211678831,0.46222078813783624,0.7693101099894327,64.15098342697627,16.536578928690783,1,36.22154055254967,45.48357664233576,0.7523518832242061,0.9503554249887199,106.73331251301067,51.937057974410884,1,91.21403400793103,96.76094890510949,0.5625250632011467,0.8858997942414053,69.9714227381436,25.54908826766721,1,45.60701700396552,,,,,,0,,,,,,,0,,70.8029197080292,0.6789387062543794,0.9349989067930811,94.82615672903758,38.580582581001224,1,72.0,100.0,0.547303949874484,0.8777316792044901,42.72159299974931,22.745454018146827,35.53617387904053,100.0,0.46545448996443156,0.7993251536274252,30.315125228307167,16.06440538991288,24.897102179834953,100.0,0.42393276900407795,0.7460719200194019,24.760957170513464,13.158576353718736,20.58086251545432,90.41970802919708,0.6437821119523804,0.9331473812918806,65.68093643784428,32.92310437027225,53.79532312232179,96.62408759124088,0.5739709130825736,0.8821698688603561,66.95722400487914,25.61167087989402,1,47.352298985952324,99.90875912408758,0.4872660355645381,0.8083109470391088,50.87268909258933,18.043814888291855,1,35.2518987965846,100.0,0.43858016083937595,0.7536069138093444,48.550825278563224,14.175644880141544,1,26.893267340540454,71.35036496350365,0.6787654813790243,0.9347840893085944,94.0172969815985,39.07493760143528,1,75.33579254450892,35020.39053659222,Patagonia
88,39.66685488424619,0.7581830293985607,0.9455940658300319,111.42710621747295,56.765305271652686,1,98.38699100999075,58.66741953698475,0.6708213114628243,0.9009215874005647,103.76897416858277,42.40008783243703,1,84.8528137423857,75.71993224167137,0.5962740235244348,0.8573822472783673,86.16263691415206,31.755333562657423,1,69.85699678629192,27.978543195934503,0.8176539349379396,0.9694683128060618,132.9661611087573,69.79922578298378,1,114.54256850621083,74.84472049689441,0.6472560975455429,0.9207609976871398,93.38094023943002,36.242906545939555,1,72.70392728248459,100.0,0.5213891839756312,0.8636929408886933,48.16637831516918,22.0230105011434,1,36.22154055254967,,,,,,0,,44.88989271597967,0.7548905880708504,0.9590361935737411,108.81176406988355,53.60321789014561,1,93.637599285757,98.84246188594015,0.6021979848222757,0.9173917889105933,56.782771589858115,28.91317126197213,44.879593774765276,100.0,0.5141198764887297,0.8536968053841183,41.46506276150627,20.434521872687732,31.719934052902875,100.0,0.46795068750134267,0.8059528574562175,31.927772277547348,16.599097892716564,25.503159033284142,68.26651609260304,0.6999711660455591,0.9566387731251454,84.20476521265687,41.478164523908404,67.2776847609196,86.33540372670807,0.6254451410611735,0.9182829608967049,79.04508569918096,32.09927307933966,1,59.738873482415244,98.36250705815924,0.5359274419841813,0.8587237775719153,65.40820496749726,22.741215624626957,1,43.09400922088746,99.9717673630717,0.4826996989271348,0.8108311420066091,50.850131283524014,17.831489997442162,1,32.51378686004081,54.856013551665725,0.7314852542424158,0.9570790328537849,110.42331920220782,49.34275981673463,1,93.02412029074351,56638.81821226361,SE Asia
89,14.255362201537839,0.8919452748509539,0.9801419236884525,243.99999999999997,116.82236384604312,1,196.8146336022807,21.14528530959126,0.8495322156991542,0.9642727459675206,221.77466041006576,99.89640293164885,1,178.39282496782207,28.03520841764468,0.8088189798332795,0.9480168075645645,218.28421839427602,85.68084189560767,1,160.99689437998487,10.248887090246864,0.9182097903253787,0.9887131330858157,265.4806960967219,129.66452606768098,1,207.88458336298052,26.14326183731283,0.8337001027264271,0.9713647775672641,230.23466289853053,89.89876674638639,1,168.0,45.35613112100364,0.741109701494205,0.9441198899581499,180.70971196922426,61.43866820914775,1,129.79984591670362,63.6887899635775,0.6630391776157698,0.9171607285333602,140.68404316055177,44.06171790244741,1,101.27191120937731,16.03601780655605,0.8883920597966355,0.9851483814556934,234.77648945326698,111.54078205475054,1,189.73665961010275,49.656009712666936,0.7312523146685161,0.9684095355195597,96.49584696699465,48.33570901066267,75.29881892924296,90.5503844597329,0.6356171796571185,0.9382764426899413,66.91286978819466,34.087209260152015,52.99090541892896,99.80777013354917,0.5816248829580969,0.9105388964286615,53.57108460005704,27.766731598743704,42.7510336601161,24.757183326588425,0.822026930434854,0.9840516986319534,134.77016751189745,68.66725589434554,108.97758463751805,47.976527721570214,0.7485625149113411,0.9683882770207212,137.29577466080167,54.236541665771846,1,102.44850855888582,76.67948199109672,0.653972697068601,0.9386707803868218,98.11050660506709,37.65833317472436,1,70.1448834716327,92.34115742614325,0.5958256400282912,0.9112694964355472,85.41243992538773,29.83976081396231,1,54.396607973540746,24.797652772157022,0.8391399952113934,0.9840961252792815,208.0573735636211,83.6494822819541,1,163.67097401177367,158051.54823932,Tropics
90,20.02803083391731,0.8562734993782379,0.972301219374497,196.9771560359221,93.50425341921172,1,156.86937240902063,29.754730203223545,0.7994473874615367,0.9496625532190958,167.5231327309754,76.51479968664216,1,140.01713936002778,38.878766643307635,0.7494599981083708,0.9274610565647313,164.0,63.678835293526205,1,124.06449935416659,14.057463209530482,0.8919711546231122,0.9843879660882635,205.05608988762074,106.39285964973429,1,169.98351630411503,36.1177295024527,0.7840015675799383,0.9604321946557686,179.10890541790488,69.05313879249799,1,132.9661611087573,63.05536089698669,0.6688545757635531,0.9226509313737249,132.9661611087573,42.72594703165188,1,92.0869154657707,93.84723195515066,0.5650677699513784,0.8865867040844891,80.99382692526635,26.733831556295495,1,52.0,22.284512964260685,0.8528711767184592,0.9794823700354905,180.48822676285565,88.98966558961432,1,153.93505123915085,68.25508058864752,0.69053268070032,0.9565522724110468,83.34162573970843,41.21975454558287,65.00390941768562,99.06096706377015,0.5949292290950974,0.917042960201626,59.08225251384305,28.93208858474676,44.72205415210988,100.0,0.5432051377042937,0.8825203796812088,46.289571659764036,23.59205515895047,36.27942393913319,34.379817799579534,0.7854980302749885,0.9779879156985191,119.08624791614001,58.780649255421814,94.84496458344208,61.31744919411353,0.7104931725577142,0.9567134882068741,115.3341178743266,46.68367883839268,1,89.47123004827482,85.17168885774352,0.6180084539481121,0.9181256164429472,87.27890430404152,32.518581603018575,1,62.68262089953004,97.39313244569026,0.5565305138963196,0.8836226379293176,70.03750215263811,25.110700130880726,1,45.46110330100887,34.07147862648914,0.804356885028685,0.9779789971782987,166.51305240214532,68.3665774107503,1,125.67325657106701,114203.72770537842,Kansas-like
91,11.824523069165476,0.9088824228033073,0.9837153099815428,269.785099662676,130.71082397170338,1,212.94130646729863,17.73258256996386,0.8712563597455585,0.9701409106571263,246.4467488119898,112.37644097162944,1,191.73730031503345,23.010337003109505,0.8382345597698746,0.9569582106167271,223.60679774997897,99.59456808102617,1,180.7097119692243,8.29481469031011,0.9316256241815482,0.9907822165355802,269.785099662676,143.88432415141767,1,225.21101216414795,21.52281704344903,0.8585948904702186,0.976434859764983,223.60679774997897,102.07418398885,1,180.48822676285565,37.75947558618371,0.7765681496291224,0.9536480594972505,180.88670487352022,73.18106520784464,1,147.5127113166862,53.214555845029,0.7038711293999653,0.9312230872376535,161.24515496597098,52.937582037264974,1,114.41677430236179,13.30363896125725,0.9050540565700822,0.9877849291944852,244.5240274492468,124.5132425551082,1,205.67936211491906,41.26397176233297,0.7548392748332465,0.9736433533666722,111.70615643642596,53.08274169856669,82.64546699208384,80.84713001092528,0.6590036647857944,0.948102151416882,72.76328733287376,37.31518775266623,57.69550938102898,98.15950920245399,0.6043329331155405,0.9240940139486225,60.53379303596435,30.47295309801036,46.75256287860229,20.682410286578705,0.8424037871135681,0.9867273196997262,153.66892005405774,75.71076418178686,121.25490254939503,41.15471888393983,0.7683284048516056,0.97355546509728,157.3982908930735,59.141488618041116,1,111.86343717230818,69.5016387931759,0.6799292982471434,0.9483089390459685,121.05468557618387,42.09298787540756,1,80.85730046687321,88.91503487688041,0.6172998615879856,0.9243617369971625,94.06320451390215,32.669217667448905,1,60.299136186637,20.657198083872593,0.8550413147847994,0.9867280478591361,216.0285624719096,90.14109905506967,1,171.46325820786313,190426.11431033333,Sahel
92,14.276973281664288,0.8918108481987334,0.9801337110254471,257.9922479455536,117.22565865428136,1,201.9405845928679,21.41545992249643,0.8478742433575209,0.9638873644935684,232.7230113246217,98.94204737825658,1,178.88543819998318,27.95227411788701,0.8090183498705277,0.9479213706653014,213.01643129110957,85.56942983800859,1,161.24515496597098,10.146848868039976,0.918500492111215,0.9887181405863942,264.12118430750684,129.70768463646272,1,211.01654612852673,26.29002651437895,0.8324160879139564,0.9711550260757207,229.08513701242165,88.4924104904015,1,163.25440131795762,45.4211707118091,0.7405386555365566,0.9438669517878275,182.1647605877712,61.50453947710679,1,132.4235628579748,64.9602284315725,0.658723673068627,0.91649895747254,149.9333185119305,42.902383319566006,1,100.31948963187563,16.143177646338977,0.8874904970042999,0.9850237456365062,240.0,110.7855889867105,1,190.03157632351525,50.061187028349984,0.7305940955156722,0.9681575347624836,98.79340263491525,48.20127613835655,75.19525435388911,90.24066897817663,0.6353296749451971,0.937957153959036,67.98717596557174,34.08017510059664,53.13513221952624,99.63287782990005,0.5809006789789515,0.9098953075156879,55.06166505046087,27.660444224957,42.68079432067445,25.03569243320416,0.8212916041098776,0.9838934739064582,139.61482662319534,68.67978513816936,110.62827214624915,48.22557617785029,0.7491467790021179,0.9681003624899198,158.6372925177516,55.612760697472936,1,108.84872540645297,75.922904344279,0.6563471768560145,0.9381707488642027,109.63729681339397,38.15923167130215,1,72.74679117024618,92.12726901896798,0.5947853660358192,0.9107040236148657,91.18818049158234,29.73529691797916,1,55.040773153484025,24.96430756679584,0.8375627906583099,0.9839433349406097,214.14660594917,82.14443663244903,1,159.42087697895514,156919.3327114435,Scandinavia
93,28.355739400206826,0.8098433328926976,0.9605477446375116,149.9333185119305,72.59476502589001,1,124.06449935416659,42.275077559462254,0.7372857116391592,0.9280732799578975,134.1044369139217,56.83843237432698,1,107.70329614269008,56.421923474663906,0.6704791806017423,0.8951125676724184,120.33287165193059,44.52665493006936,1,92.0869154657707,20.78593588417787,0.8530461309192651,0.9771462864456589,166.70932787339765,84.62956330243335,1,140.4563989286355,51.52016546018614,0.7188948411505789,0.942148951048944,124.57929201917949,50.67321362812656,1,97.40636529508737,96.38055842812823,0.5644424830900981,0.8885206261975414,67.25461580321664,26.087962894563592,1,47.746778923746355,,,,,,0,,33.154084798345394,0.80126127281718,0.9695932079007634,150.57224179774968,68.03088958798075,1,122.70289320142373,89.76215098241985,0.6414107074791824,0.9377452590902308,67.35031765136796,34.003619550473275,53.57900397166615,100.0,0.5487272600948327,0.8847561668568316,46.15043936217814,23.816043971280894,37.03124566492612,100.0,0.5004099205919327,0.8424121345925238,41.27619251020679,19.464301974062543,30.02954349746857,50.796277145811786,0.738608846032045,0.967788910494582,96.78370815468898,48.251997993638895,76.41701352084813,74.64322647362978,0.6649955525947571,0.937952083023776,106.8513491089021,38.703602557062126,1,76.06051718897066,93.65046535677352,0.5740237550859918,0.8880594798604778,75.66349297646634,26.958212340678138,1,51.833554118857556,99.54498448810754,0.5118392147635284,0.8447652820822728,59.35530108084549,20.530614574865304,1,36.11327071354012,46.16339193381593,0.7625334016813586,0.9679327434102896,138.41482292113477,56.23704152142383,1,104.01891083167355,77345.90493905646,Patagonia
94,30.460269214068607,0.8025794379626816,0.9579147474101397,158.64425612041552,71.6573589425981,1,130.27662604161338,45.39730785931394,0.7280844704549724,0.9237290740265433,137.46272221951665,55.894354018537065,1,112.92475370794483,59.46591402518454,0.6640306234981617,0.8896090732431937,134.937022347464,44.79049603999502,1,102.83968105745953,21.53712548849327,0.8511030280025152,0.976158538044453,176.40861656959956,85.13958889387399,1,148.76825977855373,56.96917064698219,0.7096902353239514,0.9388713634717625,154.40207252495026,51.276644968808554,1,121.06196760337245,97.82891880156318,0.5565022557936179,0.8853240840977685,66.2117814289874,25.47734846804762,1,44.721359549995796,,,,,,0,,34.368215371254884,0.798829962961791,0.9683004591693671,154.40207252495026,68.13927047135415,1,127.5617497528158,92.22752930959618,0.6356780129028298,0.9347617782850234,70.54734716092436,33.152415683489245,52.19812005304084,100.0,0.5433065183614622,0.8802506333491561,43.912913751430835,23.206060053667457,35.65708633827052,100.0,0.49546018964989386,0.837058639401679,36.465238365493164,18.97527857109808,29.28447296191348,53.49544072948328,0.7316417060458322,0.9662538190785752,93.65080834723463,46.6849849332284,73.45912164074534,77.59444203213201,0.6588860553706559,0.9352840708241549,104.86939432723662,37.11109637253674,1,70.82648893159276,96.96048632218846,0.5631176374963653,0.8833475762543629,67.04515521130551,25.475191824026584,1,46.72814382279831,99.43551888840642,0.5126815536722097,0.8409739537351396,61.53851758846802,20.562158671210142,1,38.48999501358232,47.17759444203213,0.7618791537072847,0.9665236106967523,139.2482758202979,57.00778820513639,1,111.22870589590123,73613.23286513088,SE Asia
95,37.329485834207766,0.7691159673300794,0.9487872908047188,128.06248474865697,60.30865152162694,1,105.67875850898325,54.69569779643232,0.68415208760116,0.9075644357443653,102.83968105745953,44.735211759059595,1,86.16263691415206,71.40608604407134,0.6117052568473884,0.8670904085533805,88.54377448471462,33.83219800544691,1,69.9714227381436,26.23294858342078,0.8250331717418379,0.9707783678338687,135.7645019878171,72.49832911545823,1,118.72657663724664,67.9171038824764,0.6667054019872546,0.9263165378936764,98.95453501482385,39.65435540554952,1,80.39900496896712,99.16054564533053,0.5338262562273159,0.8680541935498612,56.85068161420758,23.045999083734305,1,40.739726937807504,,,,,,0,,41.81532004197272,0.7651719013118817,0.9617203220409948,111.21151019566275,55.987435158121755,1,95.0789145920377,97.58656873032528,0.6108016098711125,0.9225366305815502,62.598448901268405,30.016415962141625,46.828550074808575,100.0,0.5215184498455591,0.861033593630579,39.66271445581275,21.133259272119744,32.544997057322966,100.0,0.4749404662255991,0.8143652835874113,34.95366403365571,17.244019634729398,26.566406414456065,63.90346274921301,0.7089351807070096,0.959488006471768,89.5932578287932,43.095290487202284,69.82421408786011,82.63378803777545,0.6354434675152582,0.923491057746343,85.50581729193341,33.89372614500887,1,65.26048139322096,98.26862539349422,0.5463528254566641,0.8661798337339907,57.80036257987126,23.679042217040628,1,45.284419190047075,100.0,0.48884529291866624,0.8190150032596004,49.40110158604014,18.409842786302676,1,33.52856575293743,53.016789087093386,0.7361574343588869,0.9598105563904668,118.1280285490514,49.72770000718171,1,91.23945012592866,60933.217654921646,Tropics
96,18.983739837398375,0.8615883104761086,0.9738428001141157,193.86593305684215,95.97807360532762,1,162.43152403397562,28.089430894308943,0.808165596785449,0.9522867642587962,169.799882214329,79.702105513358,1,144.99655168313487,37.018970189701896,0.7590082689533558,0.9310454647494684,155.3319027115808,66.34366352303135,1,128.06248474865697,13.495934959349592,0.8955505225770964,0.9850307450291784,197.62590923257,108.75821530031419,1,173.85051049680584,35.040650406504064,0.7875325755476666,0.9617685430976752,157.2768260107,68.6271776504635,1,123.48279232346505,61.165311653116525,0.6751224996620696,0.9252350166224682,124.57929201917949,43.636282006669695,1,90.50966799187809,90.06775067750678,0.574925158123797,0.8891994736892828,76.10519036176179,27.991128986604284,1,56.568542494923804,21.59891598915989,0.8564177867981518,0.9802849006805225,184.69434208984313,90.70028854476583,1,155.64061166674975,66.3821138211382,0.6935783611642781,0.9579728743292959,84.97526634656953,41.733892154151675,65.07517148445201,98.83468834688347,0.5987933718284223,0.9194036926507272,57.926929972165375,29.432233433813817,45.52520777710166,100.0,0.5468648807267951,0.8855447473740972,46.97182216376942,24.00091474654327,36.9971612467663,33.27913279132792,0.7886553614970606,0.9787043833684659,115.73896221383384,59.54667823962821,95.46266414233146,60.71815718157182,0.7125290003227198,0.9579880547539431,116.80072217455995,46.60334897879256,1,86.81166579983352,83.65853658536585,0.6225319683180583,0.9206148341700827,84.31271716329283,33.140227917489945,1,63.411475176620144,97.98102981029811,0.5577986105370539,0.8865807836995657,64.52150717731318,25.254408147606643,1,43.97487736490023,33.18428184281843,0.8075877108910975,0.9787134679080529,172.92185780630234,69.50421180108265,1,128.74950285594375,118023.56694538196,Kansas-like
97,16.367609845870714,0.8784960576313595,0.977500022378459,205.91260281974002,106.64489113955779,1,179.77764043395385,23.982056590752244,0.8314269853059397,0.9592790622971247,188.67962264113208,89.80067830907322,1,160.89748288895012,31.492983666896713,0.7881731895666626,0.9414173523706001,177.53872816937718,76.5219042020381,1,144.9413674559475,11.502185415228894,0.9088884573372824,0.9873714315585305,221.84679398179276,119.81143737968618,1,192.04166214652486,29.39958592132505,0.8155438322760074,0.9678011304826878,184.04347312523745,80.74346450177323,1,152.73506473629428,51.88635840809754,0.7120589634658884,0.936804499679831,157.42934923323543,52.80926161635857,1,112.0714058089752,73.70600414078675,0.6261707013868896,0.905998868277573,114.40279716860073,36.713752613055156,1,86.16263691415206,17.64435242696112,0.8772797575665167,0.9834332421651432,216.33307652783935,102.94948120849647,1,176.40861656959956,56.31469979296067,0.7153929434536086,0.9641361124210421,89.21127926781799,45.47309293768296,71.73907802677451,95.38762364849322,0.6197614246089536,0.9305428116707981,61.3139731844485,31.975195654079123,49.62706640669288,99.98849781458478,0.5658069804934271,0.8998824815785313,50.54990268971229,25.943260195075215,39.544106470068854,28.26086956521739,0.8078970116095759,0.9818962419129881,124.95237454201661,64.67329015415595,104.00840589019987,53.347135955831604,0.7350150257914813,0.9641847242297319,139.0598695452302,52.42665248625272,1,103.59897681009245,78.08833678398895,0.6440934414890541,0.9310771795303704,101.70364840997885,36.37774758446801,1,71.28390725447673,96.1352657004831,0.5771970887332104,0.9007079508440269,65.39297661533153,27.38218907264038,1,47.977928173730525,28.26086956521739,0.8233897380584758,0.9818641580910362,185.7389035901503,74.25803773704042,1,131.19616101560817,139195.97502782673,Sahel
98,10.835865077510322,0.9154719518244351,0.9850634435233955,257.30915257720625,137.61770292718433,1,227.29716232280595,16.195372750642672,0.8810459563299589,0.9726003349944653,252.79240494919938,120.0580277684911,1,208.0384579831335,21.06411155254343,0.8506402658676407,0.9605681919856468,234.77648945326703,106.88428619358459,1,194.85377405053606,7.719872244293838,0.9361866546101877,0.9914246213205422,274.37201023428025,150.85444632191872,1,240.66574330386118,19.973514060917662,0.867783295914284,0.9780812427330201,227.68399153212331,108.97313277732142,1,196.16319736382766,35.03933940951936,0.790509804517126,0.9569872547211251,187.275198571514,79.03468365413123,1,161.9876538505327,49.66892576147075,0.7208948809502181,0.9361686260480281,168.4280261714184,58.2324077117811,1,130.10764773832474,12.315961673288152,0.9114548669040211,0.9886539046059719,256.12496949731394,130.85588549246245,1,217.6235281397671,38.27218197398146,0.7650813971166156,0.9755300410062615,122.59036673542715,55.422836359545435,87.11212791004127,75.71862584716055,0.6688487976360934,0.9517212421453263,76.19684973692297,38.71271797440818,59.281149862668755,96.13616888681156,0.6142416127309153,0.9291624284789707,62.330748638669604,31.68824778113815,49.02770270987161,19.101036067617045,0.8502106300555967,0.9877093959001982,156.9177651530128,78.4879876857444,125.69195034992372,38.1475422606528,0.7799231635180186,0.9755445689075511,169.20230793402908,63.57456020868,1,125.07534847567837,66.93152605749006,0.6882818861785873,0.9518797930656778,116.33195765498613,43.372111721606224,1,82.38647254129813,86.81935031549428,0.6269468442648253,0.9294509536598052,99.66429803034191,33.861212467244066,1,62.12633828149612,19.194515852613538,0.8618261993850284,0.9877142431819442,244.82500584088305,93.1257541298314,1,173.01775781006256,205361.82709585055,Scandinavia
99,37.493347525279404,0.7700214524604609,0.9481354276388996,142.43595051811886,61.3365502944584,1,112.65167267856174,55.93400745077168,0.6861517094503067,0.9059003116271387,120.0,46.61080322591981,1,97.71375899354653,69.63810537519957,0.6157590988602646,0.8650336930165761,108.29589096544707,35.99848265520857,1,83.5224520712844,26.955827567855238,0.8250070742217104,0.9703631487422699,148.48568954616468,74.09707790170852,1,128.56126943990557,76.98243746673764,0.6478955886070652,0.9240861965945047,119.33147112141039,37.038246757839836,1,80.09993757800315,99.89356040447046,0.5310886276901025,0.8708610854259035,53.100123992322274,22.87011032300287,1,37.73592452822641,,,,,,0,,42.549228312932414,0.7663384621624438,0.9609922962342429,133.2066064427737,57.56460817131485,1,106.82300507405733,97.60510910058542,0.6105027508217007,0.9218594471553503,61.228930788969286,29.912551348434327,46.67132735474514,100.0,0.5210046371698478,0.8601268760052069,43.04774332194669,20.993017463956726,32.4293939975687,100.0,0.47459655851796456,0.8134731697055757,34.754709584288875,17.13854908057246,26.32369261667731,64.50239489089941,0.7072354327516577,0.9590557683569956,84.24744979988272,42.40852760532238,66.92827492801743,83.50186269292178,0.6341458118483441,0.9224479607830763,92.94985601478876,33.439212226894874,1,64.35405233654856,98.53645556146887,0.5422423382728374,0.8646751853499063,64.59150785526394,23.250846839585574,1,43.206015223164016,99.68068121341139,0.4912415713980802,0.8183337199695122,59.14601759055093,18.59124309637573,1,34.669850837150506,52.79403938265035,0.7400045128671061,0.9593772212958579,129.346960006957,51.77782386673921,1,100.36626216421028,60054.74615599978,Patagonia
100,17.42207872842419,0.8717987067818452,0.9760546302578046,205.91260281974002,102.30857044570809,1,174.40183485273312,25.990314168632807,0.8209841896278853,0.9562339889069,198.31288409984865,85.89948411975155,1,161.9876538505327,34.07425804048181,0.7758284835127749,0.9367903002278669,176.81628884240274,73.07043744695079,1,146.696966567138,12.318390661865143,0.9037109354187751,0.9864443205548756,222.8542124349459,116.4638433463176,1,193.65949499056327,31.81423072147026,0.8044350367291226,0.9651539182865385,177.13271860387624,76.43369500708121,1,146.75149062275312,55.097479200298025,0.7001792391512616,0.9318274341818383,148.86235252742716,50.545199368327346,1,110.63453348751464,84.80069539302123,0.5964360770339459,0.8977757765649804,96.16652224137046,30.738250505901163,1,64.4980619863884,19.53309325717124,0.8679830898841565,0.9820403741612285,196.9771560359221,97.98481434517565,1,171.7672844286711,60.71029430026077,0.7054171529396516,0.9614332074171564,86.89930687577889,43.6814038682277,68.38626084825015,97.56612442567987,0.6098143581929716,0.9254916568501469,61.01964553799903,30.725011243552814,47.53637109256676,99.96274680243388,0.5572472965817528,0.893643871284238,52.04184988089816,25.093388033349065,38.61219172932108,30.48553334161182,0.7987762776175499,0.9805243227365041,126.03903609194434,61.98740921427703,98.38674685664508,55.90463181423072,0.725702920486548,0.9614507406028412,138.91763878070577,49.95454698042584,1,98.37909907641833,81.02570470632062,0.6337068740729963,0.9263614766117019,90.63901633853665,34.73256279683977,1,67.0714816851585,95.52961629206507,0.5711266118770056,0.8944671894055547,72.96687556629406,26.79772382488928,1,49.17818473582169,30.2992673537812,0.817168151442585,0.9804751226299936,174.4494661837364,73.02534278790685,1,135.82939224481868,128813.17084976687,SE Asia
101,80.67083570210347,0.630688480057121,0.8909223795351113,77.6659513557904,32.61763619737768,1,62.109568580977694,94.76975554292211,0.5182570855934937,0.8084474339656482,68.35202996254024,21.503717749124856,1,50.59644256269407,100.0,0.41794958094747725,0.7280903992977089,35.272837442208846,12.929820456583242,1,24.348355261077394,55.99772598067083,0.7202204957360668,0.9388191463192499,100.23971268913334,45.165392470378976,1,80.99382692526635,,,,,,0,,,,,,,0,,,,,,,0,,90.56281978396817,0.6264782373615015,0.9195680759434375,66.57326790837296,30.91727024756712,1,54.405882034941776,100.0,0.5220053148330256,0.8557964861707191,39.357388460994905,20.37609610938977,31.55905876502858,100.0,0.44308433617682635,0.7706047920367189,28.05794238727211,14.349629592820136,22.182298801889996,100.0,0.4030088798279661,0.7155372563118952,21.515092856867152,11.714695021272387,17.981913358817692,97.95338260375213,0.6143325311435273,0.9182708917380019,58.25856904289108,29.11300135784445,46.73446225184221,97.7259806708357,0.5515341930839087,0.8617074253872857,58.09622930110156,23.05162784745927,1,44.7968860104558,100.0,0.4619647943824086,0.781204455040094,40.13501759444792,15.838906091817938,1,29.464038556347674,100.0,0.41662720914888274,0.7250051696607744,37.64907595912523,12.563279732356555,1,22.855858870336082,79.59067652075042,0.6514529750433613,0.9213831380667943,83.02669794438614,34.4189056253748,1,64.64659155231737,28062.94494834306,Tropics
102,20.800709115083468,0.8509287157446571,0.9711767939458239,180.7097119692243,90.64906358423342,1,154.3502510525979,30.787413207268425,0.793316361105186,0.9480430074832806,159.69971822141704,73.6700441959799,1,133.5065541462291,40.77411729945339,0.7399715133743408,0.9245018097091223,141.4213562373095,60.89280193545402,1,118.84776064202737,14.950509676466242,0.8869112036235764,0.9835374791364512,191.03926298015284,103.13683770311954,1,166.70932787339765,38.558132663613534,0.7745288546452839,0.9584456345266565,148.43180252223578,65.95628597715495,1,127.09680975159884,67.0261486187029,0.6557333520313804,0.9188882827294802,110.34491379306978,39.80653241911433,1,84.8528137423857,91.97813561825971,0.5600728982456434,0.8813413228599986,84.8528137423857,26.509848880189942,1,56.52834612840179,23.725808834392083,0.8455980891930198,0.9785316801003403,172.18594600024707,85.13087855428724,1,146.696966567138,72.09336681932339,0.6825194313232821,0.9543993797463097,77.32488166231862,39.776972591307334,61.29145023432073,99.34997784015364,0.5889200041551574,0.9131286540656721,56.75837989245832,28.243422125697347,44.0424793678061,100.0,0.5369569102052448,0.8771362743240004,43.50474766577145,22.92693860909731,35.049609482200985,36.19441571871768,0.779844121484896,0.9768571590624593,117.70866585665597,57.67412024561924,93.43339099636202,63.65785197222633,0.7035013245254427,0.9544258142294084,121.84588155177262,45.31775877732305,1,86.89530810358134,86.08361648692569,0.6121886069718001,0.9144781112651914,80.80780030723488,31.65991291474351,1,60.50176728584661,96.48397104446742,0.5517934703387316,0.8792022527444152,69.23034640415092,24.76654846871428,1,46.57646182605423,35.61825971339932,0.7984874204709425,0.9767846066937198,156.46281078637492,66.20492715957067,1,120.39859015545116,108210.85608899819,Kansas-like
103,16.920082714998173,0.8745730445940352,0.9765630322021933,201.3156725145859,103.1975088443043,1,172.74258305351347,25.53217370149617,0.8231850953137791,0.9570563160780728,187.01871564097536,85.54674833442199,1,153.15351775261317,33.11032721080161,0.7793072767203376,0.9382831109220175,174.63103962354458,73.60546814084668,1,142.43595051811886,11.76255929935531,0.9065533350065837,0.9869067647408855,226.34486961272174,117.7857172410909,1,192.66551326067673,31.200583870575354,0.8062283791217485,0.9657109293673856,163.2666530556684,75.94099444752474,1,139.71399357258383,54.83517820216519,0.7010431491971397,0.9328675041800296,149.9333185119305,50.358013616738866,1,109.17875251164945,75.91533876657341,0.6176835456479514,0.9009440147494948,115.44695751729449,35.06520208992852,1,83.23460818673925,19.231237075781536,0.8692342160564562,0.9822348785408043,195.0179478919825,97.92906382421133,1,168.7601848778319,59.53047074565138,0.7079471435619976,0.9621007162812605,92.6467090152124,44.20034202692072,69.31004634948121,97.54287799537768,0.6119343104830961,0.9267864325830986,61.522973079474696,30.967756762357208,47.59970153245141,99.98783602968008,0.5597550292214517,0.8952426816424984,50.326322126281696,25.35684661269394,39.11725342547765,29.92336698698455,0.8012685946840403,0.9808512926608216,132.80292315040984,62.80168460139871,100.34228909481809,55.78396788711836,0.7271457110580732,0.9621825069545152,132.31990414878803,49.99226063425982,1,95.09201753863897,81.20666585573531,0.6345095529806009,0.9275612396411701,89.30044495198027,34.75306363133864,1,66.08543436320623,95.40201921907311,0.5735400264450212,0.896274998257799,72.7669114175857,27.04676885540416,1,49.30444505857888,29.80172728378543,0.8192533509122827,0.9808586997697539,187.5877908742193,73.87219856881875,1,137.98226975560542,131475.65617418612,Sahel
104,11.373990888018543,0.9119457601834202,0.9844678528729367,244.29490375363952,133.1759832956834,1,213.84106247397855,16.66533450563504,0.8775066114418854,0.9718368265148124,235.28705871764387,116.3803033900727,1,196.16319736382766,21.884741427543762,0.8452876284468475,0.9593005442906866,213.46662502602135,102.75748119353611,1,183.56470248934025,7.992966189753018,0.9340920697211553,0.9911776588952533,258.549801779077,147.15810516869837,1,229.2596780945136,20.461993445767725,0.8642256431238512,0.977562830911029,228.98034850178738,105.1003411261726,1,183.86951895297926,36.5598273519303,0.7823423525664381,0.9559324383195231,183.56470248934025,74.40587850530505,1,148.21605850919124,51.011110223003755,0.7132826789275737,0.9344042214157625,151.2084653714864,55.157098294994945,1,118.18629362155326,12.564942850291743,0.9094484970747367,0.988380171122796,249.47945807220282,128.12003392612417,1,208.61447696648477,39.181520262169286,0.7614411557948424,0.9748862969587854,111.275184237191,54.48364036740766,84.97951656319258,77.38789864918871,0.665212147228423,0.9505847159937844,77.40026314562672,38.2102844414922,58.460884585129705,97.3623211573815,0.6106162030478903,0.927490828137387,64.58751830393552,31.222721333982204,47.95245088439016,19.614739029653904,0.8474371435868667,0.9874141469671996,164.26131681627984,77.80591741261281,126.00161289586595,39.10958356646152,0.7748233517916328,0.9748223589275996,172.84383406336903,61.312270116618215,1,117.28107376562059,67.47662057389498,0.6892488337602228,0.9506179051599536,125.52025409029963,43.919109799342564,1,86.21479928928501,88.95372072576133,0.6220805819953024,0.927720589256233,96.01011153180973,33.345002536972295,1,60.55970108038502,19.622731995843658,0.8588967709885997,0.9873901745101074,220.21900065247138,90.56316830975811,1,167.61886797715886,200150.06143707197,Scandinavia
105,15.71830985915493,0.8826534987824537,0.9784634348814225,234.0939982143925,109.37387422783779,1,184.39088914585776,23.380281690140844,0.8357124010155806,0.9604240862556714,210.52315787105226,92.58696919783999,1,168.1903683330291,30.59154929577465,0.7932843201772798,0.9426763117690207,191.03926298015284,78.619087115836,1,148.05404418657398,10.805633802816901,0.9130264475775649,0.9880753193768306,240.03333101883996,123.2081127715389,1,198.9572818471342,29.11549295774648,0.8178776324501709,0.9682372303705882,199.07787421006887,81.84621570609445,1,153.93505123915085,49.83661971830986,0.7204657769782858,0.9382700035945813,153.1012736720371,55.28719540449598,1,118.92854997854805,71.2225352112676,0.6354067747519265,0.9082426466941624,136.23509092741122,38.18025783261272,1,88.81441324469807,17.96056338028169,0.8770208611255352,0.9835623304244302,235.32105728132365,103.44821546030613,1,177.08754896942924,55.30140845070422,0.7190047853354576,0.9648377540904781,91.09632586652977,46.10973588284889,72.74319046578952,95.5830985915493,0.6217525367905371,0.9317966022697377,65.35741480225009,32.240186600527025,49.59524292823934,99.9549295774648,0.5686809219231791,0.9019489542787582,50.647679140987364,26.311640041999965,40.35129889640601,27.62816901408451,0.810869242162257,0.9822911352302443,131.87850840220875,65.6373110988036,105.88385666609275,52.67605633802817,0.7370489484715397,0.964820954294129,158.93628805498432,52.715439017193575,1,103.54983716743604,78.99718309859155,0.6440975855331743,0.9323710573668432,91.48003858967436,36.06499406809618,1,68.51001611561644,94.91830985915493,0.5819032072740632,0.902633025998546,76.0642050473821,27.95618995559964,1,50.11079907668406,27.63943661971831,0.8260935670394585,0.9822627408597028,186.91827460915277,75.50291835070128,1,136.92309815912168,142002.7957366012,Patagonia
106,14.729249425047042,0.8885892790029176,0.9795910508665342,208.95932618574363,113.22513819331172,1,185.0837648201484,21.848212418983902,0.8448455088943713,0.9631305800500076,199.2786993132984,96.65007192938977,1,170.79806739041865,28.946268032615514,0.8031810266927399,0.9464741335218851,183.52111595127138,82.68735560316044,1,153.88307249337075,10.589588124607987,0.9156744315820667,0.9883461529284372,230.23466289853056,126.45799491985014,1,200.63897926375125,27.252770227890444,0.8274975856271058,0.970521916829158,190.1578291840754,85.56330180024531,1,156.20499351813308,47.70018816642275,0.7309715948765394,0.9422414377979534,144.88616221019868,57.633081176489796,1,120.33287165193059,66.40183984946685,0.6511013197156348,0.9143758848129069,129.55307792561317,40.8420524183938,1,91.30169768410661,16.736357934350828,0.8841720741450886,0.9847255769100501,206.95893312442448,107.3200825617609,1,177.62882648939615,51.27535019862012,0.7272887959666365,0.9673062444985157,94.4584919587314,47.5147865800751,74.33098636871587,91.71022370896927,0.6316557836536228,0.9364113001399694,64.01371912197804,33.54473203305677,52.19802421876159,99.96863892954212,0.5775629278760849,0.9078287641473214,52.78557778494443,27.29505530403951,41.882116971185035,25.64290194438637,0.819381417628272,0.9835215464131472,140.87800226362438,68.48993913111428,111.866912519616,49.686389295421286,0.7451659784816835,0.9673528204010656,151.30780516294257,54.37360774009167,1,105.0404855031057,76.82416893163287,0.6530510282416427,0.93683026677749,103.72119265764435,37.631201797850466,1,72.19127842026941,93.03784235835249,0.5910447420771682,0.9085183359999797,83.64140223093771,29.174922835648378,1,53.41894477219783,25.695170395149486,0.8341820377021245,0.9835209418020445,198.83582775206324,79.82138821077758,1,149.03921632493646,153024.29946831253,SE Asia
107,64.9537037037037,0.6712115469698839,0.911304458882273,88.81441324469807,39.277208567065635,1,73.53910524340094,92.96296296296296,0.5579667510529314,0.8395575994603737,65.60487786742691,25.196884359970745,1,52.0,99.58333333333333,0.4746430080713589,0.7740720511312539,57.271284253105414,17.259268272292037,1,36.87817782917155,45.925925925925924,0.7479363608463497,0.9493352180170647,105.60303025955268,50.23249342247474,1,83.5224520712844,99.53703703703704,0.5542125718111044,0.8844229530391647,54.82676092441547,24.45146144806184,1,40.19950248448356,,,,,,0,,,,,,,0,,76.85185185185185,0.6627361494784562,0.9328906760431294,84.09518416651456,36.51363736904072,1,68.0,100.0,0.5449790830917495,0.8762822699738072,43.702874338663804,22.68284517557858,35.71487922441759,100.0,0.4626896093971527,0.7963261088649578,31.521007614422302,15.948228239520905,24.719779396358845,100.0,0.4214581865557674,0.7434086853232887,27.78622519121991,13.054629151685518,20.288413359317186,93.00925925925925,0.6384177247773571,0.9313854855518016,61.95377292051672,32.209779852983466,51.96472389462236,94.67592592592592,0.5716123306266242,0.8800577410938432,65.66324803257743,25.83060372735678,1,50.360476627609394,100.0,0.4854322611854448,0.8059952876587572,42.73659257122144,17.61647846321309,1,32.92915171818447,100.0,0.4320288348293276,0.7492967723108555,37.266026831669166,13.786231558992373,1,24.675533493289773,74.07407407407408,0.671679641625544,0.933493930866658,98.76746660649192,37.433133819666615,1,68.20008689739866,34683.730401573484,Tropics
108,62.4390243902439,0.6796128966562993,0.9151404204499042,97.40636529508737,40.19954509309898,1,72.99315036357864,89.04656319290466,0.568293728419125,0.8461171185936381,72.11102550927978,26.586956751001832,1,56.142675390472796,99.77827050997783,0.47377326635068395,0.7775657784110103,53.36665625650534,17.526334489259913,1,39.395431207184416,44.43458980044346,0.7539324868275591,0.951563725611387,113.27841806805037,52.142990217527235,1,89.88882021697692,96.2749445676275,0.5651411138615335,0.8837443156880851,68.11754546370561,25.59671079611168,1,48.16637831516918,,,,,,0,,,,,,,0,,71.08647450110864,0.6798407479321087,0.9356848912389518,82.46211251235322,38.15869042238725,1,66.2117814289874,99.95565410199556,0.5498522587681336,0.8803217303045394,50.60064508939729,23.091841341714133,35.89332107117623,100.0,0.46740721362571697,0.8021307185749909,31.17530711221295,16.275942693010276,25.039780722500865,100.0,0.42573155869711504,0.7490545859619553,25.42226373002291,13.314053780043892,20.669546285244795,91.35254988913526,0.6455673945923002,0.934339561577943,67.24475155408237,33.0908886863556,52.615029577655726,94.98891352549889,0.5760047110844814,0.8837499817651278,61.17696648470211,26.01196913460552,1,49.95599358093549,99.86696230598669,0.4917482034659901,0.8118060764329253,53.98735725226316,18.300756966990363,1,35.204752357146596,100.0,0.43734872614556874,0.7555077827974075,38.32286499361419,14.056273071488684,1,24.75303895359364,71.57427937915742,0.6770055216166514,0.9358067687727788,93.94481276038296,38.55684865248976,1,73.00910405896077,36128.404928562035,Kansas-like
109,11.559662775616083,0.910760232643645,0.9841100723452306,286.8030683238936,133.11863510768652,1,219.0159720172613,17.136835278858626,0.8752771896483746,0.9711477041558672,265.08866441249427,116.41657977629104,1,204.9780476051033,22.195201037613487,0.8435740945604449,0.9585396451982515,244.13111231467406,102.85637968914028,1,187.48866632412745,8.082036316472115,0.9335278472838959,0.9910699813550087,288.2498915871435,147.32440497752094,1,234.0939982143925,20.841439688715955,0.8629739278559934,0.9771624134930568,244.75293665245368,105.97737547508262,1,189.69449122207,35.89494163424124,0.7854158788991888,0.9555010151523925,204.35263639111682,76.69319854903789,1,153.15351775261317,51.27269779507133,0.7139494363302593,0.933707803733943,182.82231811242303,56.50156726040844,1,128.06248474865697,12.872892347600517,0.9080388096541314,0.9881313962375533,284.08449447303525,128.1020298152642,1,214.40149253211834,39.76167315175097,0.7601596519193912,0.9745386077048409,108.768506434595,54.139617740803736,85.72881816538735,78.00745784695201,0.6644686689967977,0.9499105864077796,79.79849408683803,38.12461431943244,59.16534965158191,97.38975356679637,0.6091664620640075,0.9267218797882348,64.4684093402416,31.040827295876944,47.758732460441585,19.933527885862517,0.8464040051388574,0.9871896278580952,165.3226657979236,76.97743014977426,122.82922473297073,39.74546044098573,0.7726129265515036,0.9744588720974681,149.7764248154133,60.12300504980748,1,113.35382789199595,67.99610894941634,0.6845613458081371,0.9500690542048272,147.84867175520742,43.083276596733505,1,84.29228588161646,86.06517509727627,0.6248837316983681,0.927012024100071,110.18008291078255,33.78903374043027,1,63.169832685783284,19.892996108949415,0.8573752873663476,0.9871515404337566,227.7851499714111,91.0368984570542,1,174.00775924534975,197356.92888034479,Sahel
110,13.849368222067456,0.8941877509114673,0.9807836635812258,225.21101216414795,117.06366291063084,1,189.73665961010275,20.774052333101185,0.8511370761777955,0.9648162815295012,200.9975124224178,99.30881257780312,1,170.88007490635061,27.280867575365637,0.8124896322561534,0.949192572933511,188.67962264113208,85.88946870052185,1,156.12813357159118,9.939309521440652,0.919931598353114,0.9891064146863175,228.0350850198276,129.80024490317993,1,203.2141727340886,25.53974728882698,0.8354970195265182,0.9720166637874051,190.1578291840754,88.61054440516769,1,157.8100103210595,44.652273405631284,0.7429786609593628,0.9452123201755808,160.89748288895012,61.169205071295075,1,125.60254774486066,62.84946771465526,0.6645934138340215,0.9187666566859958,120.33287165193059,43.55171063119219,1,96.74709297958259,15.650184061287433,0.8900083611258057,0.9855028517677191,214.14014102918676,111.0888768366189,1,182.4719156473127,48.811063575763605,0.7334977609348127,0.9688285098534007,94.6973283102485,48.80757011603513,76.5224455171395,90.40891453586708,0.6371924899681501,0.9392398112045034,69.9987692551814,34.31021049131207,52.80035522326895,99.59208039001093,0.5834856572616847,0.9117610704227619,55.02144857285229,28.03896050108698,43.4765319360954,24.415481046662023,0.824110659862908,0.9843223902066814,137.518917586795,69.78191703072196,113.0794104732079,47.666898816038206,0.7493617173270518,0.9688162714427843,140.851227869676,54.75602406817718,1,103.91482622271445,74.80847676848074,0.6595349344022267,0.9396062282354968,106.39134980856947,38.6634243980732,1,73.63501223256381,93.2743010645707,0.5947909298761694,0.9124443397887366,78.86163531746185,29.72755982197685,1,53.16609999073656,24.38563327032136,0.838907842397092,0.9843287951567533,196.2783235724036,81.49406826081804,1,151.82121044787124,160855.79371546683,Scandinavia
111,17.78231987736331,0.8686808502453349,0.9755199128226995,184.56435192094924,99.67906896222085,1,166.37307474468338,26.673479816044964,0.8157198001113348,0.9550008933801984,168.80758276807353,82.0213241030929,1,144.27751037497146,35.02810424118549,0.7686995638295718,0.9351280302278059,160.44936896105264,69.06518658927259,1,128.06248474865697,12.761880429228412,0.9004703019913851,0.9860861642467916,208.34586628968668,112.1408574757421,1,176.3292042977663,32.63924374041901,0.7985191336574669,0.964098224276912,160.99689437998487,73.0673096487356,1,134.40238093129153,56.43842616249361,0.6916219332146313,0.9298915172361053,125.2836781069266,47.50431699983112,1,98.89789705827515,80.97853857945836,0.600791405156358,0.8962319938973069,104.6900186264192,31.997890015598582,1,70.76722405181653,20.158405723045476,0.8632647268225427,0.9813845077721458,184.0,93.4278228431078,1,152.8397853963424,62.67245784363822,0.7010999196913944,0.9603199021662803,91.98383056615845,43.02889197096863,67.63724755359544,98.60756259580992,0.6053385862777414,0.9234403597020324,59.67947515340789,30.197358134915895,46.134202724415644,100.0,0.5535991399569405,0.8908295802805644,47.75766881059495,24.73536937372575,38.1261264086083,31.463975472662238,0.7955387660442774,0.9799126309455871,120.99301851989615,61.561714225788926,100.0619706706461,57.89473684210527,0.720867017036982,0.9603569396641387,128.22654945566157,48.9158788587006,1,94.26581276346177,82.19213081246806,0.6286121099710692,0.9245757187938957,87.14534286862319,33.97293448480416,1,64.53707083646378,97.11292795094533,0.5652540692658274,0.8919978641456642,71.20202953080334,26.125226485387344,1,45.92459684058425,31.361778231987735,0.8137529251685086,0.9799431813296973,177.01017021661372,71.51020722324931,1,132.30100672849466,125282.05326681619,Patagonia
112,13.088221536158667,0.900099000138055,0.9818922813585844,270.73234014428346,123.43927407178339,1,207.95383334519224,19.300215174478435,0.8605816541101649,0.9670649576768091,247.93547547698776,106.37559681155452,1,188.04254837669055,25.718027879128076,0.8218780579663599,0.9519685274079579,225.7432169523594,91.72551410940588,1,172.38096743013276,8.981195621667135,0.9260630098116507,0.9899751314775709,270.73234014428346,137.23398227838592,1,220.68982758613956,23.95921040321826,0.844862513128922,0.9736974833854464,223.89283150650448,95.0229482812759,1,174.26416728633572,41.2667227991393,0.7583604540774513,0.9486371319900484,173.29743217947575,66.27392525193741,1,136.23509092741122,58.96716250350828,0.6810050031056374,0.9236180339670894,148.05404418657398,47.62377600795285,1,108.664621657649,14.762840303115352,0.8957240022410806,0.9863387379433904,246.0894146443524,116.36341159859799,1,194.31929865134506,45.88829637945552,0.7410817179846312,0.9707114647391266,96.16606137879559,50.16791028802365,78.16088749315391,86.51885115539339,0.6454664083500931,0.9426129587658595,73.68427145643832,35.493442976748554,55.505215892508346,99.33576574048087,0.5911580944948293,0.9165055681553093,56.90408930719952,28.890212844077038,44.583249358639044,22.958181307886612,0.830484237868593,0.98523480643775,143.58026864441192,71.50194012041189,114.81057909786323,44.587894096734956,0.7593252424778402,0.9706789106290069,146.23416334263229,57.31955424468142,1,110.74025878197651,72.96285901393956,0.6675476429729668,0.9429916369208234,106.56420163342813,39.929328393374846,1,77.02775509047702,91.86079146786416,0.6037781130079861,0.9170253435882045,80.34139086257127,30.64762634479944,1,54.4024139905182,22.883338011039385,0.8453771311308935,0.9852515291730211,219.7198935980574,85.13412561348902,1,161.22174799921729,170938.90752338627,SE Asia
113,11.30048465266559,0.9126244077703866,0.984498826841359,284.08449447303525,135.50236657159388,1,229.12005586591496,16.663974151857836,0.8779350418813737,0.9716220304272662,263.8787600395303,118.5495275538649,1,208.806130178211,22.205169628432955,0.8438490757597457,0.9584326519410679,249.19069003476034,104.17329951837391,1,196.0,7.754442649434572,0.9354085986717339,0.9913274542970877,293.99319720020736,150.58170559670944,1,248.67649667791284,20.74313408723748,0.8637602982702179,0.9772766561986894,251.07767722360344,107.37097843273527,1,201.9108714259834,36.22778675282714,0.7851257759787521,0.9555265569433314,205.91260281974002,77.36659887175544,1,159.29846201391902,51.05815831987076,0.7144195621993576,0.9337838672396477,179.10890541790488,56.76361684788023,1,128.9961239727768,12.84329563812601,0.9084978398754634,0.9882885256639243,280.0285699709942,129.6416571294879,1,224.1856352061191,39.68497576736672,0.7598779405988254,0.974681350083569,111.42214185757001,54.03164767911517,84.14088276305102,77.60904684975768,0.6647411600355582,0.9500780035429383,78.63764365772717,38.16411138451875,59.117559270772496,97.86752827140549,0.609473574272867,0.926883136633295,62.38315139227561,31.05133100323515,47.565716490637435,19.88691437802908,0.8468159006330004,0.9872334925890558,155.55435933059755,77.57887648440263,126.37859466961805,39.09531502423263,0.7762862056707234,0.9746374623659185,167.15836600867948,61.671316860574926,1,122.0351823116564,67.77867528271405,0.685876214160438,0.9502508459779153,109.4997309391856,43.15464761508659,1,82.83855676828698,87.76252019386106,0.6225818300048344,0.927171426370983,102.13313203553277,33.4746701366791,1,62.60198597712732,19.88691437802908,0.858810011148761,0.9872743011923336,228.46765405244966,91.80963691971122,1,171.59533547905886,197913.99459272143,Tropics
114,33.158646974749885,0.7896432926100628,0.9540329868729879,146.86047800548656,67.62219755483815,1,124.25779653607253,49.73797046212482,0.7081603808174237,0.9161562380644266,124.25779653607253,50.607869078349815,1,101.19288512538814,64.5545497856122,0.6414497076833641,0.8799231728451987,118.45674315968678,39.88018110405968,1,88.0,23.797046212482133,0.8392567081450486,0.9738239099099067,167.09278859364338,79.06376391126034,1,134.16407864998737,60.76703191996189,0.6917963638135086,0.9337800401700143,137.46272221951665,46.75528312437051,1,102.83968105745953,99.1900905192949,0.545922290871346,0.8791563993383393,58.6911126176516,24.274500352966186,1,41.77722069358227,,,,,,0,,37.70843258694617,0.7859887510701428,0.9654730832565764,145.60219778561037,64.27556450735312,1,122.78096538210922,96.45069080514531,0.6232104110872708,0.9290004077799586,63.922665495818784,31.407695741134344,48.611521102710206,100.0,0.5333242461030776,0.8713957098345642,44.56804968438804,22.209500889230963,34.42856337365752,100.0,0.48548256103247445,0.8261081234836426,35.454469915212385,18.091494627254125,27.830432830074624,58.003811338732724,0.7217789790958048,0.9631863765434547,89.94202068477193,45.23235993225906,72.80556830476601,79.58551691281562,0.6488588097041461,0.9298208605701807,88.49060620622326,35.565610527157276,1,67.98907037708139,97.54645069080514,0.5516707768721513,0.8747761281113289,63.005461164958795,24.386594396752898,1,45.3923784756557,99.73797046212482,0.4993658497325102,0.8298181866573819,54.91389170193102,19.287018418966827,1,34.565877303862706,49.95235826584088,0.7499846766471273,0.9633797696105741,125.06911540796453,53.345044447984684,1,101.50188058136439,67137.9339748925,Kansas-like
115,10.601611324448461,0.9171015561777577,0.9852716283318531,288.277643947636,139.70922175104295,1,228.98034850178738,15.691589488743318,0.884298562440812,0.9735037479663541,270.1703166522925,122.38155190670234,1,211.09239683134018,20.781567653038174,0.8528320108744322,0.9616047763366469,245.07957891264624,108.01038339601648,1,196.16319736382766,7.619908139447331,0.9373269063691401,0.9916088626823014,297.2944668169927,152.8620720483962,1,243.70473938764508,19.652134628416533,0.8702482808291391,0.9786197836742352,254.27544120500508,110.8342924806586,1,202.78066969018522,34.10134779007605,0.7951639373681838,0.9583936564960808,204.9780476051033,80.23113550457113,1,160.79800993793424,48.03102176040961,0.7275534661736899,0.9382563853082169,175.6359872008012,59.72302522705439,1,129.55307792561317,12.092462916949025,0.9133086937808086,0.9889544236367432,275.85503439306666,132.9009715636759,1,219.27152117865194,37.022814547097354,0.7692218835915431,0.9763137699177106,103.0886141415451,56.06134945018263,87.50940044906365,73.26255553045704,0.6735533983778828,0.9533351748392559,80.4313763879909,39.506617955548606,61.032699162105345,96.21263459076876,0.6180002381896023,0.9313114452934689,64.98661835122175,32.113653243686834,49.07504617270659,18.485053836307507,0.8540763846066082,0.9881171109658835,170.6604712053481,80.28972679196636,128.9194392636599,36.9098712446352,0.7832728260285704,0.9762941214319989,191.56075915465937,64.89111293553199,1,130.82294093554552,65.72547247948197,0.6931707308779338,0.9534214431343001,125.45344519800274,44.408083576699866,1,84.89439642764593,87.35787967773511,0.6291533310236144,0.9316339120255568,94.5946693842409,34.14791038229349,1,61.20386914074776,18.462465175815073,0.8641441505473254,0.988141163495307,224.67730261896835,93.07434526720535,1,173.52561279459934,212458.7776170401,Sahel
116,62.7039627039627,0.6778869910181728,0.9118722696527418,101.9803902718557,41.680002707669466,1,84.09518416651456,85.36130536130536,0.5660304459670393,0.840797971053287,79.39773296511683,26.93759761266381,1,60.92618484691127,99.3006993006993,0.4670228475306738,0.7707299774342915,57.271284253105414,17.171497110067012,1,40.0,46.2004662004662,0.7510846339658284,0.9495722283728404,109.17875251164945,51.83323360562861,1,92.69288063934079,100.0,0.5548365057742372,0.8851431269041875,48.97690421401456,24.47451275850611,1,39.66464983778035,,,,,,0,,,,,,,0,,83.96270396270397,0.6531418370330906,0.9320757209667153,77.6659513557904,34.45123178771637,1,60.90271954926805,100.0,0.5439605511221853,0.8755498505906982,43.30200160482477,22.47373473275671,35.013178983823664,100.0,0.4625678866784841,0.7957578952122945,29.249928295135703,15.864646794034929,24.43388781581511,100.0,0.4213702929458478,0.742708261429495,25.321260281080466,12.982357720757316,20.188280933048134,94.26573426573427,0.6381201876830768,0.9313213703503398,67.75193372334084,32.048992791758785,51.07214919552435,96.68997668997669,0.5685331659650371,0.8789385363366481,64.75819296645052,25.10327533955347,1,47.427132892269285,100.0,0.48375258574618957,0.8046858907345961,43.01262344805021,17.54186806550785,1,33.09576031969524,100.0,0.4333410522661329,0.7500199798776871,41.793640720535215,13.832070656619424,1,24.49314085116245,72.26107226107226,0.6734859782575188,0.9332557425678443,86.66117389368647,37.857345769772294,1,70.12682419480967,34262.02404172874,Scandinavia
117,15.02213788741303,0.8871503353276395,0.9794336941813806,212.60291625469299,111.6491264022511,1,180.88670487352022,22.26438962681847,0.8423326846816689,0.9626293948134694,200.9975124224178,95.09635700545333,1,168.80758276807353,29.158760278304868,0.8011701429926898,0.9457636096980885,179.6886195617296,81.61972256650579,1,151.14227355684122,10.383723381825849,0.9162164840831725,0.9885776143519399,237.65521244020718,126.29555201144339,1,200.3596765818911,27.124183006535947,0.8275254031130912,0.9701878422448871,194.1957775030137,85.51516843974713,1,155.79473675320358,47.132616487455195,0.7313981901843936,0.9416602683308294,147.5127113166862,57.80522352799169,1,119.33147112141039,66.79316888045541,0.6494296731264189,0.9135597887935908,132.24220203853233,40.393139941370734,1,90.24411338142782,16.635041113219483,0.8840271416646365,0.9845565339817128,200.0399960007998,106.61557257501524,1,174.63103962354458,51.64452877925364,0.7259875108837168,0.9670214126564527,95.13997860323514,47.35021290506167,74.02851316419074,93.3797174783892,0.6297264263731299,0.9357917563656113,64.70786227647247,33.28871795917343,51.22822701327329,99.86295593506219,0.5765582033089017,0.9071741817563952,52.1773990279862,27.2246418529854,41.94490914638723,25.880244570946658,0.8177790045784411,0.9834030346570289,137.13297411863476,67.82172067959286,109.94920343116448,50.12650221378874,0.7428927523434397,0.9670009041987281,137.28759901166714,53.22366020971438,1,100.48434844659026,76.48113008644319,0.6526690816824312,0.9363673120488033,109.06539902167933,37.682853056666566,1,72.61898291583944,93.6538056082648,0.5897968787291883,0.9079815739527023,77.94337401933517,28.977826516101306,1,52.29178740997226,25.911870124393843,0.8323911955173531,0.9833834303615224,192.200006556398,78.29423907261781,1,141.00337138920744,151687.29789441233,Patagonia
118,29.557373610237047,0.8041350951131164,0.9588639521084685,149.9333185119305,71.44038404260606,1,127.31064370271639,44.199706314243755,0.7288307828453884,0.9254983918790894,127.5617497528158,54.922423712898976,1,105.90561835898981,57.9190266414936,0.6635525365820507,0.8926261258375463,116.27553482998907,42.9938152257317,1,88.81441324469807,21.250262219425213,0.8508524688905839,0.9766166627516726,158.24032355881985,83.22498878616683,1,136.23509092741122,54.91923641703378,0.7095697181009792,0.9408633511144768,115.44695751729449,47.99037582348199,1,93.38094023943002,95.80448919655969,0.5645388247093901,0.8871364628651276,73.7563556583431,26.169165710129672,1,48.662100242385755,,,,,,0,,33.71092930564296,0.7989222417394253,0.9694190152464104,141.8731828077456,66.86251070362412,1,119.95997775305204,91.88168659534298,0.6384350739074337,0.9365438178679613,64.62453846524063,33.52383546945955,52.47795186438137,100.0,0.5466796216964572,0.8832803419816226,47.84733197725742,23.60900585392887,36.40792375001171,100.0,0.498421071050547,0.8406491582958056,37.01328423521115,19.28022291506323,29.75030650641813,51.3110971260751,0.7368695194078893,0.9673598462947202,95.96118505042217,48.29767409031708,78.65770085612844,75.62408223201174,0.6630368425599407,0.9372687451313922,100.22400115058349,38.42496900597961,1,76.77826172868816,94.41997063142438,0.5720663001593993,0.8868642793846112,72.95006921206728,26.637339747231277,1,50.84023945849938,99.55947136563876,0.5128779290643632,0.8439652640585656,57.381524312599396,20.69525065886227,1,38.39909092220034,46.33941682399832,0.7610016255603144,0.9675102377203042,134.32956504317593,55.65902043830899,1,100.80422361579188,76269.20640651236,SE Asia
119,10.7003144895298,0.9166055870354544,0.9852507648478002,265.9323222175146,138.26688599039355,1,224.57070156189118,15.916238398404541,0.8827719858647363,0.9730586229432256,244.0,120.82382691227762,1,206.49455198624491,20.82534325381606,0.85211767671901,0.9610136040593208,221.7746604100658,107.43481045237728,1,192.4162155328911,7.355986806780701,0.9383178663383028,0.9917930998235676,266.8332812825267,152.87915372287705,1,240.66574330386118,19.820510853724016,0.8690406113528584,0.978360488175687,227.54340245324627,110.20635142904675,1,199.07787421006887,33.926516836695555,0.7950140914252307,0.9578581779032748,180.7097119692243,79.94841090997733,1,156.46085772486356,48.216614251745035,0.7267566874534354,0.9373654259371901,173.29743217947575,60.0284599518252,1,132.06059215375342,12.226739280509321,0.9122746277047329,0.9887600918693058,257.1536505671269,132.1845032915337,1,218.5186471273756,37.61601595459078,0.7666588199530996,0.9758795574390442,113.82572502824604,55.76063495449525,88.46145718316542,74.57237094423563,0.6707888205623376,0.9524627355943481,77.52465033000678,39.05799760060747,60.266672186833695,96.03436373398789,0.615472948908156,0.9301064516492776,64.2349699794456,31.875220627870398,49.07670735189743,18.838689882641713,0.8518339630741256,0.9878927752635612,160.41555799020767,79.25205542273403,127.6980875228148,37.56232262023472,0.7806440731192756,0.9758886607748462,158.1795508507057,63.103495819333986,1,120.73630343231146,66.4800184091432,0.6901017833619286,0.9524939926021353,111.22527522296471,43.62690097558879,1,82.15733561927091,86.96786070414973,0.6278908716962056,0.9301999632031528,94.4182706198764,33.98772750820501,1,62.10830359741974,18.82334892996855,0.8632798825760506,0.987906915708255,241.11322985042918,94.18978656052113,1,180.78087862396038,208593.46108463037,Tropics
120,26.218487394957986,0.8210443479632317,0.9635734752640074,157.78466338652817,77.26648024791669,1,134.16407864998737,38.8608776844071,0.7518476442763519,0.9335973333374082,134.16407864998737,60.54329835173615,1,112.0,51.1484593837535,0.6908777929581068,0.90442770302063,112.64102272262978,48.601755552286605,1,98.0612053770501,18.58076563958917,0.8647637221800738,0.9793374797613972,161.24515496597098,89.73295371097892,1,144.9413674559475,48.25396825396825,0.7320580645031074,0.9471892364415947,126.49110640673517,53.05339378804643,1,101.19288512538814,80.97105508870214,0.60622432840703,0.8980304524060573,104.30723848324239,31.979523392284896,1,68.35202996254024,99.06629318394025,0.5211890511223585,0.8588597977153513,58.240879114244144,22.13975294393944,1,40.19950248448356,29.953314659197012,0.8147217107163723,0.9725938088769029,146.696966567138,71.81698008147518,1,121.8720603555834,86.74136321195145,0.6525451939409982,0.9431371128173007,69.6726496179449,35.50112113952128,55.12876527678991,100.0,0.5604551945920012,0.8940136849095853,48.81246031741058,25.123526739976004,39.08106552938606,100.0,0.510451696832841,0.8529997831977372,39.838142896044154,20.40846896125181,31.397536592448887,45.863678804855276,0.7503124649805438,0.9708721958030426,101.01565309264853,50.97848388251894,82.98033613073311,72.2875816993464,0.675146470708377,0.9433724384008674,97.21918928328492,39.96473831212411,1,75.54740008794192,92.25023342670401,0.5844211376758172,0.8964531952517809,77.00850881459402,28.14400552670117,1,53.77857416904549,99.88795518207283,0.5221750045069677,0.8554261130439128,53.77937728519523,21.52382909199134,1,37.43399035277128,42.80112044817927,0.7737250461521316,0.97094028197365,145.75763709170968,58.969797002119044,1,107.16782144691676,85469.51309757232,Kansas-like
121,9.108539659965091,0.9281514244154745,0.9873231507981219,295.70255325241953,153.96509826564903,1,249.44738924270183,13.510892753248433,0.8994562629319511,0.9771197296308571,277.04151313476467,136.37013160100165,1,232.31013753170566,17.900316762557374,0.8718272607890841,0.9667806391720188,265.9624033580686,121.99499092945048,1,218.8332698654389,6.54858103303381,0.9456698135614112,0.9927599832346782,313.04951684997053,167.3983317542747,1,265.4806960967219,16.717305578899737,0.8875843337349517,0.9817621908535427,256.12496949731394,123.12084930877823,1,215.0348808914498,29.025793522528932,0.8222384478902347,0.9642930494820845,237.92435772740882,94.01537992963571,1,184.39088914585776,41.204990626414116,0.7614192557515287,0.946941600874294,213.80364823828427,72.28545569861744,1,154.40207252495026,10.27862175964833,0.9252057819863421,0.9905065614214874,285.3769437077915,147.71742044906966,1,244.13111231467406,31.799082035037816,0.787983075592627,0.9796531784365476,127.63309820211022,60.72150456853582,95.60141293519544,63.25554334475403,0.6934573413364479,0.959673079921243,89.67233948028002,42.61524085189963,65.7982237622821,89.79248820221088,0.6374609832471052,0.9404632677794813,68.38513571961133,34.66561271421558,53.04163965570139,15.844592410627707,0.8692249449129832,0.9898046023950853,178.78122906437534,86.90921167283277,140.76501207786808,31.689184821255413,0.8004870994763749,0.9796723903305082,195.96233138634042,69.70329741083694,1,137.63879980431892,59.99741418320512,0.7095386810639301,0.9597087484923321,126.07838265032372,47.03867527239969,1,88.35221679961614,80.67748400025859,0.650107499637855,0.9404836353693659,119.88230030685894,37.18936717900835,1,68.02761338172618,15.825198784666107,0.8775433667043381,0.9898047978726803,243.9271097728323,101.33431469795254,1,187.12784418248083,247555.56328148095,Sahel
122,9.436382045224434,0.9259716392271476,0.986939369607838,311.7178211139042,151.85875437148113,1,252.26335403465177,13.96557543030712,0.8962977531308596,0.976222675519814,289.77232442039735,134.68069166629948,1,236.30488780387088,18.548768140398245,0.8677758076940333,0.965517771213741,267.64155133312164,119.35438413102071,1,216.49203152370674,6.493418832264597,0.9453075973693802,0.9927570731693766,311.7178211139042,166.3633272089592,1,268.83452159274486,17.333783327708403,0.8839758225253398,0.9809907097715304,259.3838853899756,121.48866354106241,1,216.33307652783935,30.273371582855212,0.8160963211541725,0.9627985899949824,242.6849809938802,92.17231674913849,1,185.37741482805245,42.618967262909216,0.754292328538356,0.944796483188166,204.9780476051033,69.61219255152808,1,150.94369811290565,10.732365845426932,0.922365355600414,0.9901576823524759,288.6936092122581,144.59494821597136,1,240.8318915758459,33.12858589267634,0.7830686076851878,0.9787671051532486,122.12753702530999,59.37919418762142,94.15790127696019,66.05467431657104,0.6884714069421662,0.9580537821965593,83.43858971431803,41.72543075184579,64.37185273489206,91.71785352683092,0.6325380171190279,0.9380518278437597,66.25682590970774,33.94872122762774,51.9845012553179,16.557543030712115,0.8650586272322517,0.989349405267534,163.92766813771482,84.50200614724588,134.59281166285558,33.15558555518056,0.7959142832308512,0.9787449745516222,175.1129694763816,67.68643675861092,1,136.51602107283682,61.370232872089105,0.7048943410913313,0.9580673258011843,118.10233806297173,46.081767770315764,1,86.30647338507863,81.67397907526156,0.6463742829167418,0.9382238726255947,105.07712191694337,36.73566302492832,1,68.91823424797403,16.571042861964223,0.8739477877701539,0.9893755784838257,219.48756731943456,98.89850523732672,1,181.12351852360243,237059.47126745933,Scandinavia
123,30.255190311418684,0.8045263620005674,0.9583485305212701,173.6663467687393,72.74167066505431,1,134.45296407470065,45.069204152249135,0.7287661756838041,0.9236746656911866,149.34523762075577,57.08765448607944,1,117.71151175649729,57.785467128027676,0.6634102984799872,0.8899454288929268,125.2836781069266,44.23846932738148,1,96.82974749528164,20.761245674740483,0.8539490514056237,0.9767816675001462,173.6663467687393,85.45371066490989,1,144.22205101855957,54.56314878892734,0.7111544683401545,0.9396174102324434,136.0588108135596,49.76695545620263,1,104.0,98.46453287197232,0.5565763192126306,0.8859370778293634,62.14224916648386,25.3357222407848,1,44.263221224992364,,,,,,0,,34.12629757785467,0.7989232343641102,0.9685698383426253,145.60219778561037,67.47885704019284,1,121.6552506059644,91.37110726643598,0.636749028161843,0.9348492039249692,66.34683698397242,33.257281780606554,52.52537972913751,100.0,0.5443623624407009,0.8808280747100813,46.77418134245112,23.29332215258047,36.053311432763664,100.0,0.49573244334605593,0.8373509498803169,38.24440169284979,18.961274320660937,29.13049103147388,53.17906574394463,0.7352598545944635,0.966479719626323,96.98664070993004,47.891618946094546,77.83150929561788,76.57871972318338,0.659367454142007,0.9355552991560041,95.48376778770512,36.99679581122002,1,67.78060163465624,94.03114186851211,0.5674006789414358,0.8840132657506599,78.18480014728604,26.245912028738225,1,51.602941830844856,99.35121107266436,0.5120121457786292,0.841380583394995,63.66672548941356,20.49775880301966,1,37.28944360901677,46.92906574394463,0.760102340798377,0.9664861438808753,160.62924931793387,56.52193936962688,1,108.51561734837227,74016.62556096852,Patagonia
124,19.558359621451103,0.8591817878252773,0.9733470709096145,204.9780476051033,95.36024120388477,1,164.14627622946554,28.99465093951447,0.8040481272836346,0.9514238668669773,181.59295140505867,78.1191216216093,1,141.7603611733548,37.55314771636264,0.7562745271270143,0.9301182115420538,181.59295140505867,66.57531172076706,1,133.1465358167459,13.674393087367989,0.8946875522981174,0.9849827024061383,224.32119828495925,109.02698237330316,1,179.66635607240727,34.94719517213002,0.7904779022629103,0.961565431609234,193.86593305684215,72.67508557200563,1,144.99655168313487,60.74612536003292,0.676500826531188,0.925037225502206,118.18629362155326,44.22351975512119,1,93.72299611087985,91.31806336579345,0.5717989229726379,0.8882798106357438,90.64292865720721,27.673586111427152,1,56.568542494923804,21.300233164175012,0.8576060305199332,0.9801463874886496,193.86593305684215,91.8185220399771,1,164.31672217147303,66.94554930736525,0.6923933913214673,0.9575174664077104,83.19445317965639,41.55646342110138,65.01043668167495,98.99876560142641,0.5974826265135603,0.9185549336532256,55.509176896611166,29.244468782960997,45.35544136165332,100.0,0.5456330614036836,0.8843128227777831,48.7353496329785,23.87032508542592,36.77630436809469,33.740227677959126,0.7876451020402735,0.9784629003996543,118.0741265415414,59.4300726717889,95.72174575987148,60.910711836510764,0.7121549423852509,0.9574847106845058,119.45417894705677,46.70671219883894,1,87.69400769046169,86.06501165820875,0.6179568922662129,0.9196720134936701,83.74568543159025,32.50969425832574,1,60.98317884862517,97.270607598409,0.558509838726463,0.8854527263023745,69.44732100087356,25.33385598181562,1,45.69517343839839,33.50706350294884,0.8079176077269393,0.9784033169656525,173.80094883348644,70.46999624981109,1,137.5135631652436,116609.0648458758,SE Asia
125,42.31231231231231,0.7490903461229643,0.9413349943799942,118.92854997854805,55.527242438722276,1,101.5752171141942,62.67267267267267,0.6559401822308308,0.8940508416200535,99.03534722511958,39.88889181090786,1,80.99382692526635,79.3093093093093,0.5811404064636999,0.8480858483150149,82.365041127896,29.636113362466908,1,65.60487786742691,30.42042042042042,0.8077923761773761,0.9663852600530182,122.44182292011173,66.75134844157321,1,112.0714058089752,72.43243243243244,0.6455125011927257,0.9173317965066912,92.77930803794561,36.86144703893944,1,76.4198926981712,,,,,,0,,,,,,,0,,47.11711711711712,0.7496910350997786,0.9564188134095859,123.2233744059949,53.493770109074156,1,98.95453501482385,99.33933933933933,0.594806373706462,0.9128568418713162,55.334544394440144,27.945588959404766,43.35235109202571,100.0,0.5078468118915263,0.8473084764622476,39.30728204983526,19.80934407785382,30.663696686989383,100.0,0.46224902214219205,0.7984366502059004,30.50025387969185,16.157670820206587,25.09732265929614,71.92192192192192,0.6925027241357283,0.9539603085341019,81.83792324953883,40.049262625701154,63.861368768627294,86.6066066066066,0.619964086411385,0.9142144814850396,76.42269436437795,31.437718215296584,1,59.37072391262471,98.64864864864865,0.5332130661949545,0.8536018130481272,56.71347121967722,22.420094845767732,1,43.8936257001847,99.93993993993993,0.47535435213928845,0.8030800181101773,51.61564382416533,17.138452062590098,1,30.739622385770204,56.3963963963964,0.7256300073288149,0.9546557233925098,127.80292818753892,48.88421737601613,1,94.84951385979208,53179.29893100018,Tropics
126,12.748314197193366,0.9023645912935748,0.9824073829923403,245.17748673155128,125.25488007824559,1,212.01320637191202,18.707854929834152,0.863975311179287,0.9681234787347689,220.90722034374522,108.0961897974197,1,192.0833152566875,24.876981957353745,0.8271698432540542,0.9535190204560382,218.5040045399626,94.94158855202336,1,183.5363712395955,8.930198651357754,0.9270863509425195,0.9901083721375744,261.4727519264675,139.7746904846161,1,231.4821807396846,23.282303626754146,0.8483167957755071,0.9743912399323242,212.30167215544958,96.20460598198021,1,175.6359872008012,41.09713869145252,0.761358340486503,0.9498279503436854,174.72263734273244,68.09861320205559,1,143.74687996928458,57.69090577729178,0.6876989516718647,0.925471262524365,148.48568954616468,49.97528063074605,1,117.66732319800833,14.078731547293602,0.8994438619345264,0.9867922417265191,237.8570999570961,119.78048447371089,1,204.31348462595415,44.80590486604702,0.7444777443266971,0.9714557647904702,100.58803983334768,50.79549571344263,78.89127068251533,84.672863131037,0.6493577943817502,0.9440856064023696,74.24095104066996,36.020901441712695,56.19250039440594,99.07053034445053,0.5942681655111034,0.9183572694197923,58.68820802002516,29.230882925106247,44.83221777370438,22.316384180790962,0.8333769076335569,0.9856527973769962,142.26008281845043,72.12248033461402,113.74221339528292,43.603061782394754,0.762246552218347,0.9714562664819323,156.86705538593344,58.64523883925963,1,116.31502263606502,71.90632403863678,0.6698951539700253,0.9442646380537781,105.26339737154537,40.186895700251696,1,76.23557469877248,90.31346819755787,0.6083400663707013,0.9188135720491425,87.13544047623108,31.420746101931105,1,58.35307494864441,22.361946418808092,0.8469233592389697,0.9856479190845621,196.26179803424566,84.11001894796892,1,150.0578152921392,175479.02238230035,Kansas-like
127,30.65326633165829,0.7992532177609204,0.9576739702481927,144.49913494550754,69.59189473376098,1,122.70289320142373,45.7286432160804,0.7223517964619558,0.92294847451896,125.53883861180172,53.12877861414938,1,102.2154587134451,59.95193358094822,0.6568917215511483,0.8887158418908423,115.44695751729449,41.92998881950698,1,88.54377448471462,21.673585317893817,0.8483932060035443,0.9761569083496859,161.04657711357916,82.14946762288783,1,136.0588108135596,57.08979681013765,0.7003698317314684,0.9384722388794708,121.45781160551181,45.49351967192365,1,85.88364221433555,95.04041948874809,0.5594179933212232,0.8833570830805817,73.99340322649637,25.83856094398565,1,49.59650162445491,,,,,,0,,34.935547301726025,0.7937144750409817,0.9681346126733392,132.54433220624713,65.06448389074752,1,116.110262988698,92.94297574830675,0.6341450133506165,0.934366892346597,66.59762020584014,33.017743339412874,51.68050664320363,100.0,0.5426959168118914,0.8796034238550388,44.78606511174287,23.206157236377837,36.05447250005516,100.0,0.49419054287365954,0.8357657231119462,37.28773898920658,18.885874599602968,29.063338368516895,53.50666375355036,0.7319548481380385,0.966070533125621,92.0770664002393,46.970667568307256,74.98501268544098,77.43063141795936,0.6567515344749857,0.9348238548020891,89.80403046555277,36.81852495486434,1,68.83066188306805,94.90932925497052,0.5673480699755143,0.8832679655435455,68.97842529703213,26.135093460964818,1,50.102040151219455,100.0,0.5063672349412773,0.8388156704229692,48.840839634842816,19.893460970200252,1,34.615956304712725,47.629451605855365,0.7580087418805832,0.9661647362866709,144.09152999756202,55.594771642616216,1,105.14380522155989,73245.42575719976,Sahel
128,23.349917081260365,0.8360232042917723,0.9677145549521593,187.01871564097536,83.36652913564643,1,139.31259813814398,34.56053067993366,0.773354783379344,0.9418194197311536,164.04877323527901,66.9356359793323,1,121.91800523302537,45.77114427860697,0.715206681507977,0.9153678099315845,142.43595051811886,53.996449996502825,1,104.9952379872535,16.782752902155888,0.8755004342903037,0.9815175177333966,190.03157632351525,95.60127754240916,1,152.0,43.333333333333336,0.7529307298168625,0.9532734772083321,137.92751719653333,58.97844704436754,1,112.28535078094559,75.2072968490879,0.6283510246282871,0.9090443334774857,99.03534722511958,34.71831775928469,1,72.0,98.24212271973465,0.5360645335745624,0.8700722994377948,63.245553203367585,23.538288046953305,1,43.08131845707603,26.550580431177444,0.8309394622990272,0.9757501463683554,182.42806801586207,78.58864260830855,1,134.40238093129153,78.62354892205639,0.6686375070805857,0.9490655310505994,72.86862485758724,37.884662432733606,60.01196871959092,99.95024875621891,0.574032819792412,0.9037980155330957,51.18371654643827,26.54654178953544,40.7572935191932,100.0,0.5241890175561608,0.8657586222919995,44.75191463188503,21.708672391120476,33.64678928925653,40.61359867330017,0.7653806578394654,0.9740451196478579,107.61912487024641,54.21185546499983,87.80809419386115,67.67827529021558,0.6907947396455659,0.9491914896419783,133.68336385100898,43.186252588219894,1,84.86975521327759,90.91210613598673,0.5957499432480614,0.9057730247336312,80.09267910595969,29.399299346898527,1,54.62093661586598,97.18076285240464,0.5392707350530112,0.8681861419193635,80.09267910595969,23.483517274062045,1,44.32918936279337,39.0547263681592,0.7866512812277966,0.9740445962022146,155.8780344976289,62.774057546182775,1,115.3838420035741,96424.48187029037,Scandinavia
129,11.253156565656566,0.9128844105970962,0.9844769905408638,270.7027890510181,135.23889599501965,1,221.44976857066254,16.682449494949495,0.8782418334179767,0.9717831457310555,245.40578640284747,118.63653112676197,1,208.806130178211,21.60669191919192,0.8471526709676412,0.9594768483680464,227.437903613272,104.52371576500192,1,189.69449122207,7.867739898989899,0.9351208505700926,0.9912783043032202,277.41665415039523,149.39417074636324,1,237.7561776274173,20.19412878787879,0.8663595156190206,0.9778754718348388,242.1239352067449,107.10426990024268,1,189.1877374461675,35.1010101010101,0.7897629880451367,0.9567142407690774,208.61447696648477,79.11890884147029,1,161.83942659315127,49.842171717171716,0.7198638129853345,0.9355902345038375,160.0,57.9164449332556,1,128.80993750483694,12.32638888888889,0.9110175009846259,0.9885396060692804,257.9922479455536,130.58617081685918,1,216.81328372588243,38.69949494949495,0.7633348237163458,0.9752548563473438,116.3770097650167,54.95465042311612,86.50612479626082,76.53093434343434,0.667572992690589,0.9511236624408516,78.93345588964483,38.5697485472822,59.94330081765529,96.83554292929293,0.6124564843996129,0.9284185503345603,61.709051591481945,31.442131899744652,48.522881757945036,19.365530303030305,0.849063554798109,0.9875484736398145,159.95404360690284,78.03033337786336,124.34564547460712,38.58901515151515,0.7775848439489426,0.9751900788980791,158.2432021606835,62.40109249481075,1,121.57650931286261,67.51893939393939,0.6869314614177933,0.9512279075110768,115.52978549794936,43.20747438140957,1,82.63285040211149,88.8967803030303,0.6231307813069307,0.9286185392610888,95.00702028413144,33.181584262388014,1,58.08648302249901,19.30239898989899,0.8598385299307734,0.9875618561412067,220.51690863333184,90.48127701675367,1,165.83801744890587,202724.911090709,Patagonia
130,19.415997785773595,0.8594813279443536,0.9730236396840739,197.9090700296477,95.31673489106352,1,163.2666530556684,29.061721561029614,0.8036602471771235,0.9508484477512184,178.39282496782207,78.19831562378094,1,146.696966567138,38.195405480210354,0.7535436636548059,0.928885471902694,171.7672844286711,65.32386186548923,1,132.46886168456888,13.852753944090784,0.8936857686920208,0.9845434083980064,221.44976857066254,108.55003123352199,1,182.46095373945005,35.51065596457238,0.7865585599182549,0.961153228909673,161.24515496597098,69.46606606217372,1,133.1465358167459,61.8599501799059,0.6743265940555218,0.9239443749469979,136.5283853270081,44.32468364947854,1,96.74709297958259,90.70024910047051,0.5707944597977788,0.8881226490699667,76.83749084919418,27.7024487383922,1,56.142675390472796,21.976197066150014,0.8544620555995732,0.9797268068492441,200.8780724718355,89.99435017486509,1,159.29846201391902,67.57542208690839,0.6908606821879734,0.9571199683332303,84.6228248706924,41.26307740411903,63.951358055908116,98.72681981732632,0.5965013413077309,0.9179485051272105,58.58351420577685,29.162541201852914,45.24492790338023,100.0,0.544140788729695,0.8835071249624196,47.28502500060746,23.697941499067916,36.28060516884247,34.07140880154996,0.7862407464850365,0.9782542940909512,115.32650804878612,58.88110950013585,94.22785032949551,61.04345419319125,0.7123812372190452,0.9572344326493303,127.53948356895977,47.20972603950595,1,91.14583795547014,84.97093827843896,0.6202079800933606,0.919160375187025,89.00783086203528,32.776201019515256,1,62.72616802426307,97.24605590921672,0.5607474248446366,0.8853243491180913,68.04521173008737,25.52869089352786,1,46.31784925215895,33.60088569056186,0.8061353061111854,0.9782767999879758,175.82918431829594,68.9535312126689,1,126.12313392340175,115579.74511653949,SE Asia
131,8.710289526840914,0.9313555047448716,0.9880714830373071,282.44645510255566,157.35109636278187,1,252.6024544615511,12.762441084654466,0.9043933792481154,0.978429805731976,272.02941017470886,140.68201477480602,1,236.70402843380384,16.759502968721307,0.8789525828919909,0.968824933482522,253.39297543538967,126.01161975356372,1,219.27152117865194,6.121074860745547,0.9486629392022705,0.9932390572902561,301.1710477452971,171.51100601903858,1,268.26852219371546,15.6699516435086,0.8936609806496463,0.9828445293769712,276.4633791300396,128.43298543371338,1,223.2129028528593,27.99779641305013,0.8278116881262134,0.9662453211679545,234.4013651837378,95.93823672949621,1,185.12696328619998,39.064699761278085,0.7707955549000481,0.9498127310605492,193.03885619221847,74.63326291494255,1,154.50566332662373,9.622329681092,0.929294794490309,0.9911310724661568,276.4633791300396,151.7157944925647,1,245.07957891264624,30.085082940564362,0.7945765100158229,0.9807478739249825,127.26505277099653,62.59718517966733,99.6459285157602,60.01101793474935,0.7000847921125497,0.9618151254162606,86.83458834977819,43.766444260731326,67.74076879632744,86.10516006610762,0.6444375098342143,0.9434466723996406,72.70625334914467,35.71751923650248,55.09005620903211,14.99663340882659,0.8738216154320579,0.9903325213911998,181.06881885276604,88.92189112622549,144.23353987635824,30.054477566260633,0.805254186204732,0.9807011991909625,182.6098608927355,70.42805037955071,1,136.9836130552645,57.53810369100813,0.7176169126739536,0.961730430063395,130.29375772358787,48.85562354525491,1,91.8078198817798,78.9557446287568,0.6556284828003408,0.9433963454487426,100.21240862483624,38.0794853942038,1,69.28127069207986,15.014996633408826,0.8813193213547541,0.9903338338835935,243.70156558807813,102.02236216243085,1,182.42986921734,261442.14921395635,Tropics
132,58.443163097199346,0.6907466590226612,0.9198876621158046,91.3892772703669,42.496000820918745,1,76.94153624668537,86.16144975288303,0.5805648493335316,0.8541276634593492,69.9714227381436,28.05312239842765,1,56.85068161420758,97.69357495881383,0.500677424869964,0.7943305217387386,62.609903369994115,19.909185737799802,1,44.721359549995796,40.362438220757824,0.7667424354266753,0.9550144206097264,105.60303025955268,54.71514136317226,1,91.21403400793103,91.51565074135091,0.5825687564765455,0.891126098418556,70.8801805866774,27.657162038080873,1,54.405882034941776,,,,,,0,,,,,,,0,,65.40362438220758,0.6928086289321925,0.9403237361551723,87.72684879784524,40.39909676713034,1,69.85699678629192,100.0,0.5585495980379539,0.8869584508768174,48.934076444843214,24.117724627070693,38.468806826635344,100.0,0.47455955990543813,0.8108618825330769,31.39874796180896,16.92470374521462,26.29489103118682,100.0,0.43155548999209464,0.758101599901724,26.17068971196587,13.789210543091771,21.314630146994606,87.0675453047776,0.653907549851305,0.9384347475950091,67.36588108187655,34.40406836414015,55.88583093592232,92.71004942339374,0.5850602901768214,0.8900695690484532,73.96974703236994,27.336781333786174,1,53.22996248326626,100.0,0.4958990131748677,0.8189785120268859,44.413412814275496,18.663807250557394,1,34.91424446156268,100.0,0.442964093621902,0.7640334316776137,42.56469470887868,14.572764106878504,1,25.924097500899855,69.27512355848435,0.6845943047709431,0.9396586340747406,99.11569325998956,39.59943788201107,1,72.27117965826375,38836.98808676485,Kansas-like
133,37.684989429175474,0.7674355966718986,0.9482078826719099,132.24220203853233,59.88678569651054,1,108.0629413855228,55.76109936575053,0.6825291192341743,0.9063405885471495,109.83624174196785,44.95664200210857,1,89.88882021697692,72.35729386892177,0.6108116230685865,0.8660044478876855,96.08329719571451,33.97666571342669,1,73.7563556583431,26.347780126849894,0.8248442393421725,0.970955010702265,136.0588108135596,72.3428923188064,1,120.0,67.94397463002115,0.6677838582420804,0.9261227263374128,109.83624174196785,40.848711491316415,1,88.36288813749809,99.94714587737845,0.5308402334088611,0.8689953001997482,52.0,22.782861180650638,1,37.83578172371121,,,,,,0,,42.12473572938689,0.7646338097582128,0.9615933748335252,111.42710621747295,55.97515694738228,1,96.74709297958259,97.88583509513742,0.6109517089544944,0.9221618887145938,61.75860615353808,29.975961293382504,46.723879040810296,100.0,0.5214198850765708,0.8605027747070879,45.67813246811815,21.099370602748937,32.920013177183456,100.0,0.47482210460708696,0.813638925304703,33.84057579759104,17.22392133974378,26.639703511599492,63.00211416490487,0.7090717570476969,0.9592513424385174,85.45197381401108,42.895726883662014,67.9882597034605,82.08245243128964,0.636302349419942,0.9231769172513596,90.12780557525929,34.05794413447405,1,66.3886103494127,97.78012684989429,0.5462658877664993,0.8658375159907481,61.00133879650639,23.761132635934377,1,45.3134930582028,100.0,0.48618616757155353,0.8173729870209983,45.51635797897638,18.12177490523479,1,32.116465567718215,53.43551797040169,0.7356500044525254,0.9595553418042375,119.55134786303482,49.73137227746026,1,92.53252223142913,60458.568213473634,Sahel
134,51.2043795620438,0.7170247274997302,0.9303904499110469,116.27553482998907,48.442894627106725,1,92.34717104492157,75.58394160583941,0.6150112153612114,0.8733755046231385,93.637599285757,33.15135266396882,1,70.01121280382704,90.32846715328468,0.5350947484327425,0.8186713942653597,80.09993757800315,23.891877871902643,1,56.142675390472796,36.2043795620438,0.7838282705398211,0.9603413522824071,120.26637102698326,59.61693023270142,1,102.52804494381037,92.99270072992701,0.589912401403594,0.9000433747456258,69.85699678629192,28.116371281110013,1,52.343756705538766,,,,,,0,,,,,,,0,,58.13868613138686,0.714719450258237,0.9471569578100228,115.16944039110375,45.29272321065989,1,82.46211251235322,100.0,0.5737391292289039,0.8976970791032259,49.17353707087693,25.64535566927741,40.691541715856985,100.0,0.48840907063614963,0.8259623407858697,38.86182263622826,18.14664594392057,28.73802723571404,100.0,0.4431151130267266,0.7738244276004954,27.512817461207536,14.621057946370932,22.476098937500655,80.54744525547444,0.6702947561044438,0.9451363075017515,71.83868912428264,36.71293355225088,59.28149334759488,90.72992700729927,0.5984890488499423,0.8998767041466595,79.01034305367158,28.88640126047352,1,57.0094185703515,99.92700729927007,0.5155344856456295,0.8339635794390112,53.58299681899964,20.42261491775709,1,39.39717481065483,100.0,0.4549464075762512,0.7790911477361717,43.03206117823913,15.550224981429805,1,27.942272849192122,64.63503649635037,0.6983790004694855,0.9457687561919002,99.69644420059485,42.0870407583841,1,76.50228511001367,43875.87606283165,Scandinavia
135,17.08984375,0.8738696944282054,0.9766030656507346,215.25798475317936,104.39004076795685,1,180.75397644312005,25.634765625,0.8228619704221338,0.9570236217016218,190.53608582103286,86.04093212172108,1,158.24032355881985,33.45947265625,0.778261771417933,0.9376692955980253,184.95404834715026,73.66897896181393,1,144.22205101855957,12.14599609375,0.904831585083375,0.9866866843262295,226.45087767549057,116.53739647727897,1,189.06083676954358,31.54296875,0.8061006931625936,0.9655042007225902,200.8780724718355,77.99278197904827,1,154.37357071515646,54.1259765625,0.7049078049690811,0.9329143603351839,154.50566332662373,52.17987003743325,1,115.26313058178847,83.26416015625,0.5997478385485265,0.8999066548593833,113.70136322841516,31.74178166283748,1,67.05221845696084,19.580078125,0.8681766244515796,0.9822126410258687,202.4252948620799,97.4435329550881,1,167.14065932620943,59.75341796875,0.708281512940038,0.9620353581485296,93.63878886173164,44.143299242269,69.25231011208193,96.66748046875,0.6124873118882925,0.9267363887541245,64.12922218126376,31.05902427460996,48.29058119103761,99.98779296875,0.5597558169464768,0.8951134453887586,50.22942037366471,25.278553258022487,38.86769470544369,29.94384765625,0.8020938422592987,0.9807846556844844,129.95475127085223,63.1291271354793,100.92307854948392,55.79833984375,0.7270780473176404,0.9620874768967516,128.35367045416015,50.038694934490536,1,96.24962910105371,81.103515625,0.6347003471507927,0.9273934690999631,89.83596344172695,34.790961887061094,1,66.08100545717093,94.42138671875,0.5741086685839809,0.8960992571644699,73.90754250101836,27.202655623075998,1,51.016358559886235,29.91943359375,0.8200881495921146,0.9808150032039888,193.57537883628987,75.31741102722923,1,145.48953927445504,131118.294297909,Patagonia
136,13.238770685579196,0.8985107619994286,0.98176945535757,228.56071403458645,120.87698623961309,1,198.07069445023916,19.858156028368796,0.8572044613880723,0.9666874786718156,214.84878403193255,103.11348490351749,1,180.0,25.919621749408982,0.8205141406751695,0.9518289885782351,204.4309174268902,89.78935625372179,1,163.2666530556684,9.408983451536642,0.9235986667824364,0.9895359658910688,255.24889813670106,134.1496751928678,1,212.01131974735313,24.33096926713948,0.842697777812872,0.9732929486743215,194.03092537015846,93.11131305647973,1,166.70932787339765,42.6193853427896,0.7525444411142828,0.9477748309701206,159.29846201391902,63.807551589301326,1,127.62444906835053,60.22695035460993,0.6750320529387589,0.9223945433020306,141.8731828077456,46.006233560223365,1,104.6900186264192,15.101654846335697,0.8939294893524257,0.9861358269990634,240.0,114.88398677552823,1,192.37463450257678,46.43026004728132,0.7399577385570258,0.970335904658753,101.04466308227559,50.07142998363932,77.93959428550087,87.8676122931442,0.6436743809172806,0.9420039405142877,68.16047593810927,35.15911850470015,54.05288830470816,99.44208037825058,0.5897505289817089,0.9157110614793136,56.43988176856405,28.73308098275657,44.29255382864426,23.20567375886525,0.8303522026738185,0.9851050968162769,142.89817137028646,71.9936495038377,117.23023471587547,45.522458628841605,0.7558242139447838,0.9703475426154411,139.67149174170652,56.30908821309758,1,107.14189082852837,73.36170212765958,0.6649247140453726,0.9423529722511005,97.91320933839404,39.42665523819007,1,74.8249193959467,92.71867612293144,0.6007273974666307,0.9160533306541601,77.02242679441548,30.31685134208988,1,53.314410179042724,23.243498817966906,0.8436949426394459,0.9850660370637584,213.01975964885543,84.2161594568165,1,160.3437715777281,169162.09604780548,SE Asia
137,45.62300319488818,0.7357626588210454,0.9374150538029484,118.92854997854805,51.9164531719255,1,93.72299611087985,67.53993610223642,0.640484944424614,0.8869401209679033,90.68627239003708,36.836103901048546,1,73.7563556583431,85.75079872204473,0.5632859774893016,0.8383271683426098,84.09518416651456,27.069379591433705,1,60.0,31.85303514376997,0.8002842154641984,0.9648982339127545,128.80993750483694,64.05634096216234,1,105.43227381943113,73.99361022364216,0.637738676453924,0.9134405163904603,104.30723848324239,35.92546898879391,1,73.7563556583431,,,,,,0,,,,,,,0,,49.201277955271564,0.7393571886862343,0.9538500896445853,119.86659251017358,50.38618408308476,1,90.08423145742482,99.7444089456869,0.5881160992810727,0.9082158379978931,52.03324994022788,27.26974680367458,42.84106288623348,100.0,0.5005273859738981,0.8400131276578066,36.276523526511575,19.12243690842182,29.287725017380758,100.0,0.4561355441892585,0.7904930790754116,31.3618729752135,15.677287867208795,24.27468016653073,75.62300319488818,0.6848659881857022,0.9512918593461638,74.49468916989281,38.91590621086237,62.75809825478861,85.75079872204473,0.6150352459006212,0.9101648650407526,89.31762258559162,31.310664590349802,1,61.71484360053915,99.42492012779553,0.5287541081611907,0.8473234443327318,55.16645718060127,21.71441222313023,1,41.98349196149036,100.0,0.4677002044341903,0.7951203347003186,44.0971596386755,16.5278301008947,1,29.441808289471155,60.031948881789134,0.7132822043325117,0.9516722335168268,104.69712659984268,44.6257084618089,1,79.95027348958904,50139.87603210273,Tropics
138,36.384854771784234,0.7741408269448116,0.9497966956212357,125.60254774486066,61.84904486091886,1,111.21151019566275,54.175311203319495,0.6889325509666854,0.9086356639451668,110.92339699089638,45.86720764642327,1,89.88882021697692,69.5798755186722,0.6171184112890599,0.8685203237420548,93.38094023943002,35.08164073692916,1,75.8946638440411,25.95954356846473,0.827810720296598,0.9713399394917251,137.7534028617805,73.95181673377121,1,121.86877857862325,62.78526970954357,0.6800038415301694,0.9287884710076444,110.63453348751464,43.3992733548845,1,92.34717104492157,99.9740663900415,0.5336006568681587,0.8698912041595391,51.47513295682439,22.877653912176488,1,38.402203711506836,,,,,,0,,39.522821576763484,0.775652367680764,0.9628919818362397,138.85243966167826,60.379931787530104,1,110.70674936336007,97.19917012448133,0.6135271498646692,0.9235529998989072,60.668863838428614,30.326350681413853,47.84593657689469,100.0,0.5231972348817244,0.8625668544607933,42.80748337697009,21.214246944252462,32.48882157184327,100.0,0.4770287560848024,0.8160285623963526,33.8141291285124,17.376924744431687,26.903518736138366,63.433609958506224,0.7106875984417524,0.9599065135374252,86.33071834813879,43.11123581191412,69.43296635601678,79.25311203319502,0.640704826915907,0.9249234810042047,88.79402119454565,35.10659468680016,1,69.22805995246492,96.39522821576763,0.5496876737107957,0.8674939595861191,73.51898740024684,24.176623935469593,1,47.3999199971955,100.0,0.491450859994587,0.8204827326298628,48.355043962635364,18.553003032480397,1,34.155331651824476,52.9045643153527,0.7376051518964428,0.96020539848655,128.60452498704782,49.886692307306866,1,89.5820588996872,61660.417344836715,Kansas-like
139,12.060689182238985,0.9076067099025806,0.9834912733871943,271.5879231482873,131.06716204449273,1,221.4136312024891,18.08674781416081,0.8694534902942985,0.9696076681541504,246.9655846469301,112.63968542087595,1,200.8681151964094,23.46991256643237,0.8360342762924419,0.9560786930742964,232.03448019637082,99.98201702050353,1,188.04254837669055,8.460483456197498,0.9306635258238258,0.9905859000403828,280.713376952364,144.62415619902492,1,235.56739598966678,21.95268301045774,0.856676997700467,0.9758723921887561,250.5673562138532,102.58955975787423,1,195.05896544378575,38.513629350248586,0.7742348010267652,0.9526810264512836,205.67936211491906,73.7517010593422,1,156.46085772486356,54.24309960569176,0.7022665871595314,0.9299038901563337,177.62882648939615,53.91002806770817,1,122.70289320142373,13.569346819818277,0.9036749464242094,0.9874969877795287,260.0307674103201,124.79352346657662,1,212.90373411474022,42.010972055546034,0.7534533485292833,0.9731344899629703,104.48266604288584,52.811786179924816,83.24107528915647,80.99605691753814,0.6572750016365266,0.9472663627217027,75.69092926866256,37.08655615617094,57.46133434962889,97.94273958511916,0.6023028259362674,0.9228006768504547,61.4468646925113,30.202798724652705,46.607224528335145,21.04405966055203,0.8403085817664603,0.9864918165159371,145.1296071830413,74.6051496262269,117.35397806455572,41.45379735984913,0.7690651953313218,0.9731392646992021,149.11165163100773,59.58439099463465,1,113.49130160411104,71.08691925252872,0.6745257072445309,0.9473793086728328,109.42352420347142,40.78923159352117,1,75.567040600066,88.25647179838847,0.6172565745131133,0.9232009900377056,95.20443639015899,32.589702283753674,1,60.931874280757214,21.10406308931939,0.8542745879999022,0.9864951982121115,220.78363891177352,90.70730993273892,1,179.9740299107703,186619.35274152193,Sahel
140,10.62237495227186,0.9169227661454759,0.9853727485423479,245.17748673155128,137.99659123837387,1,220.87100307645636,16.02901870943108,0.8822894709927407,0.9731720110931055,225.6014184352572,119.41765312673341,1,200.0119988002399,20.78655975563192,0.8521305795183681,0.9612412486422762,214.84878403193255,106.76198060117142,1,188.38258942906586,7.384497899961817,0.9381634720879981,0.9918393902918077,268.80476186258306,152.4224128447643,1,239.23210486889087,19.587628865979383,0.869542318565099,0.9786046423679614,234.77648945326703,108.57454820375743,1,188.67962264113208,34.12752959144712,0.7945011859230375,0.9579762661254512,196.7739820199815,80.20437618075294,1,160.06498516381308,48.6368843069874,0.7245378776867331,0.9374725423577959,159.29846201391902,58.82482039934819,1,127.05904139414872,12.073310423825887,0.9128265986431356,0.988876345031633,249.15858403835898,131.88682986363204,1,215.81840947381198,37.38831615120275,0.7666355568710541,0.9760055840205819,112.10005451345204,55.701180050260696,87.2520256594754,74.28025964108438,0.6712496828553216,0.9527303210156157,77.87323606939728,39.26354772804161,61.13837449724123,95.73119511263842,0.6160623368610507,0.930446841901711,61.714230128699825,31.966916704752382,49.33159138774117,18.80106911034746,0.8522196595663566,0.9879760199145312,159.73911987736423,79.70735380259643,129.20977809765353,37.55631920580374,0.7799464825684456,0.9759675229495217,155.347986685662,62.26573893425823,1,117.05084556757333,66.13974799541809,0.6915001455002209,0.9527706778507468,112.09512177629303,44.17625308559115,1,85.51919454604776,87.80450553646429,0.6268075587241271,0.9306581954482002,85.57699834134918,33.715342989275875,1,59.09765280114378,18.785796105383735,0.8632733692307172,0.9879655522015539,249.8194438343464,93.90556765880842,1,178.6891580419638,209438.81459596206,Scandinavia
141,24.366099340048628,0.8311510690633692,0.9665641179869585,162.87418457201866,81.50213181696243,1,140.4563989286355,36.34942688433484,0.7653418006263886,0.9390468211302456,141.4213562373095,64.74088673524417,1,120.33287165193059,47.655435915248354,0.7075094645457509,0.911797710149091,128.06248474865697,52.45686805434962,1,106.73331251301067,17.228204237582496,0.8725018743771186,0.9809369733729757,172.69626515938322,94.08549551749158,1,153.1012736720371,44.78985758944078,0.7454023720230586,0.9511784658911481,136.5283853270081,56.386511688796915,1,107.70329614269008,76.93643626259117,0.6217578220679513,0.9052733853153104,97.65244492586962,34.16706847359163,1,73.7563556583431,99.68739145536645,0.5279238294671752,0.8658828084405923,57.271284253105414,22.64954875785679,1,39.395431207184416,27.83952761375478,0.8249891765311482,0.9747510324547239,152.0526224699857,76.02123684076426,1,131.94847301680034,82.38971865230982,0.6620766597759652,0.9467994117322077,70.18210474189922,36.813844669178515,57.1311527482579,99.98263285863148,0.568798192856657,0.9000073799130112,51.25226771556237,25.957687130990298,39.9684505000734,100.0,0.5188800035884849,0.8611656653565938,42.945257499383196,21.202102541132582,32.72433060935206,42.54949635290031,0.7593831272118203,0.9728004899855731,102.96297737152844,52.759415526059364,84.96416171499568,69.79854116012504,0.6843354709241188,0.9470158627629925,104.68739411435102,41.71843797452466,1,79.44243889655023,88.34664814171587,0.5970940526109515,0.9024386405566733,77.90375898590942,29.779122142312463,1,58.8676691802793,99.30531434525876,0.5319952058166931,0.8630071562491272,60.64105791821575,22.488868494666747,1,40.34061953711373,40.656477943730465,0.7814612209628496,0.9728711619452174,150.17525158147194,61.19311939555825,1,112.63373784119325,92036.87913148032,Patagonia
142,12.653506777039937,0.9028514424988442,0.9825261125312964,245.60130292814003,125.59219249255494,1,212.30167215544958,18.912034931319933,0.8636587178318554,0.9681646634789899,236.81216184985095,108.73954289538536,1,197.34234213670416,24.59747111798417,0.8289838494625845,0.9540622411356949,213.46662502602135,95.3611697939989,1,181.41664752717708,9.01482761757482,0.9266371222151252,0.9900014987863882,260.5839595984373,138.8659071240668,1,227.40272645683032,23.278449922678067,0.848584129029858,0.9744015048756568,223.89283150650448,96.7399484673027,1,177.53872816937718,40.41662876375875,0.7629263418548632,0.9498987418545947,181.37254478007415,68.40958065661806,1,144.22205101855957,57.89138542708997,0.6874444953978316,0.925536138379787,141.8731828077456,49.610263589002045,1,117.64352935882194,14.245428909305922,0.8989613297278783,0.9866945389826063,238.72997298202839,119.97025082930244,1,205.67936211491906,44.6829800782316,0.7449771987981919,0.971506495363247,102.70634953489666,51.03529152971347,79.78259383632955,84.97225507140908,0.6492294581119145,0.9440651555970897,70.29337964931469,35.94728472501457,55.73050747007864,99.13581369962704,0.5950063934661792,0.9186692647005459,57.99186322148421,29.349874872593134,45.34569646267787,22.332393341217138,0.8338754592543521,0.9856751444048194,149.8616631770137,72.6893452599599,116.23753328120387,43.94614754843992,0.7608226016910687,0.9714346011305703,158.3826113588488,58.02406865830426,1,113.9405463777168,72.10952424269989,0.6702137357991425,0.9443291328606485,105.09828376343903,40.20875421915276,1,75.721209437071,90.0027290093696,0.6084995605407397,0.9190764367138203,82.54066591657539,31.50021706882026,1,58.2381150754155,22.377876830710452,0.8473485722807944,0.9856472929072678,204.2542898088464,84.65996078203175,1,152.4099551870545,176059.60727573157,SE Asia
143,11.323673070661023,0.9122467358399723,0.9842641561172442,268.32815729997475,135.82333790484992,1,235.40772857824396,17.08726799088245,0.8758138142510276,0.9712195193943158,253.14027731674784,117.22477426470189,1,213.24164696418944,22.158905893845652,0.8440642537162384,0.9585648551655517,237.92435772740882,103.87277509827634,1,196.9771560359221,7.872028655161185,0.9346308165169048,0.9912004325327879,293.99319720020736,149.6402119356088,1,248.03225596683993,20.88082057961576,0.8627986438111462,0.9770916411505743,239.63305281200255,106.41121423999536,1,198.59506539690256,36.38065776619994,0.783882039306824,0.9551748539492114,203.2141727340886,76.51368300433406,1,159.69971822141704,51.823510257245196,0.71374938884987,0.9333782149468443,169.1862878604528,57.55325996070696,1,136.0588108135596,12.870400521002932,0.9080592572844034,0.9881135351537959,267.4023186137323,129.49293047444277,1,226.54094236700925,39.95441224356887,0.7595014215148579,0.9743992227941352,108.97406828390935,54.05000509530869,84.78151035518061,77.86551611852816,0.6639029360744262,0.9496770091424529,74.63760395024941,38.051923332558175,59.17843622203534,97.91598827743407,0.6086051187092295,0.9262390783794505,61.38184370426364,30.927876531554386,47.59818133978117,19.96092478020189,0.8455963604624434,0.987145805830813,148.6663462935802,76.59805276910333,121.78622466351813,39.38456528817974,0.775433008191084,0.9744869467523622,169.7227689759558,62.0770326022668,1,122.71989766781398,68.46304135460763,0.6841432449740787,0.9498651881000687,115.5661667684939,42.728624698979935,1,82.55138037646682,89.22989254314555,0.6200154252717293,0.9266231554035841,90.63825275837898,32.83785120744945,1,58.39837208518128,19.977206121784434,0.858386316054112,0.9871768867075671,250.94234960615404,92.14952210378048,1,178.453400447444,196488.80335926148,Tropics
144,20.73603310671002,0.8526501432178698,0.971377876514278,200.63897926375125,92.92926387451547,1,168.04761230080004,30.9340821755838,0.7948798933544486,0.9478621504423317,190.1578291840754,76.0240443745724,1,145.60219778561037,40.55571977534733,0.7436018222060397,0.9246123010835058,176.0454486773231,63.44814858293091,1,133.1465358167459,14.661543009163463,0.8889205677792751,0.9837451897188936,227.437903613272,106.0567969485943,1,181.2070548011974,37.83624002364765,0.7775229243901545,0.9587465437332441,173.0664612222715,67.9594316014383,1,136.82105101189657,64.89801950931127,0.6638385611662444,0.9194605982954598,124.57929201917949,42.65414622032322,1,97.65244492586962,98.31510493644694,0.5502060443684241,0.8804894599223217,61.05735008989499,24.762105307237604,1,44.181444068749045,23.32249482707656,0.8482260809008443,0.9786020576011243,191.2066944434739,87.85282389535807,1,157.175061635108,71.46024238841265,0.6840953134392834,0.9543749139541592,81.88072514273088,40.1929097011529,63.78600483862883,99.77830328111143,0.5887197230743361,0.9129853649476327,55.230198483337226,28.15425550469481,43.52939704750463,100.0,0.5373410651879383,0.8773661980318911,45.37924446569288,22.97266518531842,35.518194119069,36.37304167898316,0.7788455320709302,0.9768476683687815,117.83358779913557,56.93947778374385,90.48891606935757,63.75997635234999,0.7039888779762542,0.9544643427834909,115.2244699529111,44.766864902448724,1,83.24645329125937,85.73751108483594,0.6135709768518398,0.9145252912754165,90.07189291713792,31.913867911407767,1,61.91711785847227,96.6745492166716,0.5523250385182252,0.8788785429487873,90.07189291713792,24.79648153888497,1,45.41476635993321,35.82618977239137,0.7996399719824889,0.9768105124516476,162.99165309990082,67.55775917962912,1,128.71871234391372,108192.30368941807,Kansas-like
145,40.373725934314834,0.7563734909445863,0.9452228701985317,125.60254774486066,56.88804777648257,1,101.9803902718557,59.71121177802945,0.6670781210200099,0.9002724730645852,100.0,41.58583816613883,1,83.73734863920633,76.07587768969422,0.5943184035920596,0.8572954900683749,82.46211251235322,31.348457180642185,1,67.05221845696084,28.227633069082675,0.8163034623379309,0.969037444582454,133.2066064427737,69.2758446365025,1,112.71202242884297,70.2718006795017,0.6548358262349124,0.921840566532394,88.09086218218096,37.54727415585514,1,73.53910524340094,99.85843714609285,0.5222199921635627,0.8620148028602251,53.460025149561346,21.97189672969216,1,37.148398692515514,,,,,,0,,45.016987542468854,0.7548254545999564,0.9591288449939823,116.27553482998907,53.99297625977512,1,97.51710112893933,98.86749716874293,0.6025761239981147,0.917273600963407,56.40878935867251,28.9532656851263,45.182139209965555,100.0,0.5136607643232478,0.8533981544508963,40.16369964363792,20.34422910110727,31.59552395018926,100.0,0.467946155674977,0.8054490569457492,32.44773575390975,16.64994289585173,25.875585940784294,67.49716874292186,0.7003355681482392,0.956529587424492,81.02583144012127,41.622730812292495,67.43992711563116,82.67270668176671,0.6278591779098309,0.918607040353699,79.01606977535658,32.8783708916545,1,63.18197761781848,98.86749716874293,0.5348110664014244,0.858182550026565,60.4526446518964,22.469035736494856,1,41.951966450463665,100.0,0.48267690564235055,0.8104648351526043,47.19289591313055,17.744340987528375,1,32.22255190659083,55.20951302378256,0.7284704917486143,0.9569296585940652,126.23544291603642,48.5103414751736,1,90.85395846349707,56390.72691335495,Sahel
146,11.326439215047635,0.911996010113724,0.9843916948167767,263.1501472543764,133.47915374849734,1,216.92394980729998,17.09144206497842,0.8753780647386831,0.9713046250563139,250.59928172283335,115.19473025331258,1,196.8146336022807,22.164318866541812,0.843518118208966,0.9586164331272632,241.76021178018522,102.46729264497759,1,185.29975715040752,7.906522270173438,0.9343393008452479,0.99126868924564,283.5207223467096,147.21053159993545,1,230.82460874005614,21.040631870368863,0.8615241131149752,0.977010845182023,223.78561169118984,104.29779042071408,1,188.04254837669055,36.576825991368786,0.7823328641031742,0.9551488078541565,211.20606051910536,75.53180960096182,1,155.3319027115808,51.885025649377084,0.7104383220965012,0.9333246950048092,173.6663467687393,55.053959441029875,1,121.85236969382254,12.97939907173683,0.9072876992184745,0.9881367640487039,255.5621255194126,126.32173211645029,1,206.45580640902304,40.04559889259832,0.7593216704150773,0.9744057267247369,103.39590984352452,54.01116380174357,84.85425786617006,77.99853432130934,0.6632962533674406,0.949733420409517,78.86002948991484,37.98023749023356,58.63812290588795,97.809624623402,0.608270798059043,0.9262548140036314,61.38246494110534,30.937997544578312,47.520431037036424,20.030942105691718,0.8458527974198913,0.9871570853603574,161.085700397596,77.08463418571091,123.41395808485616,39.793176451429034,0.774300114347215,0.9743773952188699,182.73072094050175,61.96325911029108,1,121.24236412971212,69.45688461851641,0.6806862155462672,0.9497791914709636,107.37381205905967,41.990371190661115,1,78.62867834477933,89.40640013028255,0.6197622593361932,0.9264648545620938,90.65032286121492,32.729215221788294,1,57.27396622950522,19.941372852373583,0.8568600817633231,0.9871363181732834,220.1354510066224,89.22881210878734,1,164.82081293387046,196606.2537984998,Scandinavia
147,9.058637917433606,0.928127940103666,0.9874768037711007,274.7216773390844,152.2639147967277,1,245.71850400700777,13.423612937154877,0.8996441209109766,0.9772016852893488,266.8332812825267,135.5119516597915,1,229.8173187555716,17.80173547199579,0.8719963038152796,0.9667781334049115,252.253840406841,120.74046350533524,1,213.55091036404175,6.580331317381015,0.9451300463405079,0.9927410618764867,303.84206423732707,165.66973302862732,1,263.163826866998,16.993163292137787,0.8858456383731826,0.9814635247142371,264.39364591457183,121.65186614538308,1,211.20606051910536,29.35840126216145,0.8200981238398846,0.9638023946555317,225.42404485768594,92.65367999714385,1,180.88670487352022,41.9668682618985,0.7572778833437163,0.9459838643160577,182.1647605877712,70.13594003489551,1,150.78461459976612,10.51801209571391,0.9237482878337537,0.9903686685708769,274.40116617827994,145.39210250299374,1,239.73318502034715,32.23113331580331,0.7855014829110994,0.9793340927132551,119.26152912042741,60.091325497311644,94.59147245093529,64.52143044964501,0.6907525373811225,0.9589837222971492,83.67697640082204,42.19181739456943,65.06174286646632,89.62003681304233,0.6353816435995767,0.9395496658326752,67.68687614189884,34.45961401633617,53.11065179645465,16.132001051801208,0.8674208481542428,0.9896056045830642,181.4270077841892,86.11550177978498,140.05590555821968,32.119379437286355,0.7987386888108415,0.979282522392876,201.53141614403282,68.51925838191293,1,134.16121453273112,59.900078885090714,0.7106994189193659,0.9590434335550011,131.36034601844412,47.871715690485075,1,92.72134266060462,81.86300289245332,0.646933743144035,0.9394899366742779,94.6829486468506,36.6421348497043,1,65.9723650877057,16.046542203523533,0.8766615609522604,0.9896237458835625,256.735957099837,102.3074672699009,1,194.48395638614696,243476.3340870126,Patagonia
148,34.4894968246214,0.7819531846035115,0.9525952591046264,136.0588108135596,64.40787772611624,1,116.82465493208187,51.92965315095262,0.6976666321860255,0.9130805644787331,115.37764081484765,47.78350504911808,1,96.2247042775092,67.22032242305814,0.629543377711543,0.8753947378629351,106.50821564555478,37.05196666975286,1,80.99382692526635,24.474841231069856,0.8343854802936448,0.9730572182041081,154.40207252495026,76.50522533970567,1,128.80993750483694,62.43282852955545,0.6825457690901302,0.9313824849413201,115.37764081484765,42.372774893374974,1,82.46211251235322,98.07034684904738,0.5434441245332383,0.8747650863157885,60.92618484691127,24.062172696698116,1,44.24838713709563,,,,,,0,,38.78847093307279,0.7781779750554348,0.9642017211624648,134.16407864998737,60.68580176336254,1,109.45648608517655,96.75134342940889,0.6204352872676567,0.9273799373890538,62.455929499839854,31.124494747460123,48.296933304617646,100.0,0.5303052894588894,0.8690319383945088,44.17302250423624,21.94987706092187,33.79747710552144,100.0,0.48315013011086577,0.8234689009263536,34.15509233465954,17.910110960555777,27.67655737630723,59.84367366878358,0.7170095884211813,0.9621707861960641,85.49423518777834,44.0685905997313,69.55567538449657,81.6560820713239,0.6422507577538723,0.9278809573167582,91.28673956324974,34.54820634571136,1,63.64950734309444,96.23839765510503,0.5556053271747619,0.8730980229232178,66.22833402795219,24.86465564427704,1,48.28055828582842,99.78016609672692,0.49488754400855267,0.8266055138442078,56.747216770634076,19.010172700543176,1,34.12901155763553,51.001465559355154,0.7456318549583592,0.9624542883662198,124.40540158163981,52.45921804485456,1,99.42009819746353,65573.87496638575,SE Asia
149,47.62859051436206,0.7283694392594309,0.93511125718027,108.07404868885037,50.18328781930254,1,92.34717104492157,70.24048096192385,0.6334521602426304,0.88218626335733,98.38699100999075,36.47812871056841,1,80.0349781523011,87.374749498998,0.5546306296392252,0.8316981599339385,82.46211251235322,26.36774200927387,1,62.22539674441618,33.2999331997328,0.7948401678572822,0.96330896933,133.68619973654722,62.93361147548138,1,108.94021002450158,85.5377421509686,0.6146873712271587,0.9072878587884098,75.06613899479044,31.131026216674943,1,60.0,,,,,,0,,,,,,,0,,51.736806947227784,0.7316590839441844,0.9519103329880706,100.31948963187563,48.31252640897222,1,85.20533988322487,99.79959919839679,0.5820380221151504,0.9044629069991955,52.047243496226955,26.616365075188877,41.652315559539254,100.0,0.4956650703037285,0.8350357830293016,36.659547453028715,18.74948873417476,28.955734537127213,100.0,0.4513904862692076,0.7846562972490352,29.979977464159166,15.33875171060621,23.739561309531027,78.65731462925851,0.6790476505809105,0.9492758588939036,78.8369333062857,38.04657669594349,61.28394634375335,89.11155644622578,0.6076267556746239,0.9065347444774927,77.97643091885202,29.991005325942826,1,56.39013029011073,99.49899799599199,0.5212209263451887,0.8426379114295585,53.928271035311106,21.234299660924716,1,41.2434105897641,100.0,0.46623284933360654,0.7908902303231682,42.61811825690257,16.338150229901498,1,29.33884182816984,60.955243820975284,0.7100433051993605,0.9500060414209547,114.80638938147416,44.81035944473661,1,84.61998225360959,47937.61629430496,Tropics
